Weight,From,To
1,1.00052E+18,2781202710
1,1.00259E+18,2946171664
1,1.00355E+18,16545981
1,1.0046E+18,9.92498E+17
1,1.00476E+18,1.30315E+18
1,1.00492E+18,1.37323E+18
1,1.00492E+18,1384411003
1,1.00492E+18,1.34351E+18
1,1.00542E+18,1.32964E+18
1,1.00612E+18,1.29612E+18
1,1.00612E+18,8.53836E+17
1,1.00612E+18,38944750
1,1.00612E+18,9.47532E+17
1,1.00616E+18,3195889007
1,1.00616E+18,1373901266
1,1.00754E+18,4666179488
1,1.00852E+18,1.03971E+18
1,1.00852E+18,1.24714E+18
1,1.00931E+18,1.346E+18
1,1.00931E+18,1.31111E+18
1,1.00931E+18,9.52595E+17
1,1.00931E+18,1.15149E+18
1,1.00931E+18,9.12747E+17
1,1.00931E+18,9.92535E+17
1,1.00931E+18,426277984
1,1.00931E+18,7.04793E+17
1,1.01046E+18,87493194
1,1.01114E+18,194499127
1,1.01114E+18,1.1179E+18
1,1.01202E+18,1.19766E+18
1,1.013E+18,1.26107E+18
1,1.013E+18,1.26454E+18
1,1.013E+18,3929161
1,1.013E+18,1218147452
1,1.013E+18,1.24032E+18
1,101317272,1.08428E+18
1,101317272,1.20376E+18
1,1.01622E+18,9.51376E+17
1,1.01639E+18,1.35842E+18
1,1.01639E+18,1.35519E+18
1,1.01639E+18,1.36E+18
1,1.01775E+18,9.49051E+17
1,1.01775E+18,34596198
1,1.01775E+18,1.29386E+18
1,1.01775E+18,9.95698E+17
1,1.01936E+18,1.29893E+18
1,1.01936E+18,9.82014E+17
1,1.01936E+18,1325491398
1,1.02031E+18,437819112
1,1.02031E+18,1.10645E+18
1,1.02139E+18,3038412281
1,1.02151E+18,17532775
1,1.02151E+18,2206539405
1,1.02151E+18,9.51376E+17
1,1.02235E+18,7.96335E+17
1,1.0234E+18,1051409982
1,1.02553E+18,3686828722
1,102700779,426277984
1,102700779,8.46492E+17
1,1.02866E+18,1.37042E+18
1,1.03005E+18,55585412
1,1.03005E+18,8.1816E+17
1,1.03005E+18,1.1866E+18
1,1.03005E+18,9.99181E+17
1,1.03138E+18,9.48081E+17
1,1.03165E+18,1.32795E+18
1,1.03165E+18,9.65865E+17
1,1.03165E+18,1.16986E+18
1,1.03165E+18,1.33109E+18
1,1.03165E+18,1.19881E+18
1,1.03165E+18,4071006503
1,1.03165E+18,9.44593E+17
1,1.03204E+18,1.13221E+18
1,1.03259E+18,9.04612E+17
1,1.03259E+18,21326475
1,1.03259E+18,1.05256E+18
1,1.03259E+18,9.44837E+17
1,1.03407E+18,322286421
1,1.03542E+18,9.63674E+17
1,1.03542E+18,2922331025
1,1.03542E+18,339544187
1,1.03542E+18,1.25937E+18
1,1.03542E+18,1.34297E+18
1,1.03542E+18,1.30824E+18
1,1.03542E+18,1.15826E+18
1,1.03545E+18,9.31954E+17
1,1.03627E+18,2939933507
1,1.03985E+18,1.25257E+18
1,104119607,3547970067
1,1.04243E+18,9.00741E+17
1,1.04331E+18,1.06788E+18
1,1.04331E+18,1.27301E+18
1,1.04331E+18,9.26443E+17
1,1.04331E+18,3114052794
1,1.04331E+18,1.28962E+18
1,1.04824E+18,9.11959E+17
1,104904044,266260135
1,1.05113E+18,9.01266E+17
1,1051409982,1.0234E+18
1,1.05182E+18,1.27033E+18
1,1.05182E+18,1084984824
1,1.05256E+18,3307318595
1,1.05267E+18,1.2482E+18
1,1.05267E+18,1.27243E+18
1,1.05267E+18,1.27043E+18
1,1.05267E+18,8.38073E+17
1,1.05267E+18,9.13375E+17
1,1.05487E+18,1.09302E+18
1,105500699,20066079
1,1.05608E+18,3627765012
1,1.05608E+18,1.37941E+18
1,1.05608E+18,1.1417E+18
1,1.05608E+18,1.30508E+18
1,1.05903E+18,1.34102E+18
1,1.05903E+18,1.29612E+18
1,1.05903E+18,1.22471E+18
1,1.05986E+18,1.17178E+18
1,1.05986E+18,1.27301E+18
1,1.06135E+18,9.49086E+17
1,1.06135E+18,1402485997
1,1.06135E+18,18152452
1,1.06135E+18,8.22229E+17
1,1.06135E+18,9.00741E+17
1,1.06135E+18,1.08428E+18
1,1.06135E+18,8.38077E+17
1,1.06135E+18,1.08452E+18
1,1.06135E+18,260079722
1,1.06145E+18,1.14997E+18
1,1.06145E+18,1.14989E+18
1,1.06145E+18,1.26107E+18
1,1.06164E+18,1.35556E+18
1,1.06164E+18,14348298
1,1.06164E+18,9.97327E+17
1,1.06164E+18,184954346
1,1.06164E+18,1.27301E+18
1,1.06216E+18,1.35519E+18
1,1.06216E+18,333726113
1,1.06216E+18,7.81597E+17
1,1.06407E+18,1.07887E+18
1,1.06788E+18,3023360911
1,1.06788E+18,1.33663E+18
1,1.06788E+18,1.35492E+18
1,1.06788E+18,8.22229E+17
1,1.06788E+18,1.20376E+18
1,1.06788E+18,1.29395E+18
1,1.06788E+18,1.18856E+18
1,1.06788E+18,1.26322E+18
1,1.06788E+18,1.31111E+18
1,1.06788E+18,264085436
1,1.06788E+18,1.08428E+18
1,1.074E+18,9.61817E+17
1,1.074E+18,157324480
1,1.074E+18,560892332
1,1.07404E+18,1.24244E+18
1,1.07404E+18,194499127
1,1.07449E+18,1.27138E+18
1,1.07551E+18,7.52342E+17
1,1.07612E+18,1.37941E+18
1,1.07841E+18,9.46482E+17
1,1.07841E+18,1.36161E+18
1,1.07841E+18,1.05069E+18
1,1.07841E+18,1.21608E+18
1,1.07867E+18,1.2062E+18
1,1.07887E+18,3627765012
1,1.07887E+18,1.37941E+18
1,1.07887E+18,1.06407E+18
1,1.07936E+18,9.99469E+17
1,1.07936E+18,9.69616E+17
1,1.07936E+18,942617634
1,1.07936E+18,7.27078E+17
1,1.07936E+18,9.8984E+17
1,1.07936E+18,1.27033E+18
1,1.07936E+18,594564076
1,1.07936E+18,3059706638
1,1.07936E+18,7.82602E+17
1,1.07936E+18,58007666
1,1.07936E+18,2248313230
1,1.07936E+18,271911263
1,1.07936E+18,1.11779E+18
1,1.07936E+18,1.27043E+18
1,1.07936E+18,9.67143E+17
1,1.07936E+18,1.21304E+18
1,1.07936E+18,1.28056E+18
1,1.08123E+18,1.19766E+18
1,1.08123E+18,8.49268E+17
1,1.08152E+18,8.38073E+17
1,1.08188E+18,1.17646E+18
1,1.08188E+18,312636941
1,1.08188E+18,217425933
1,1.08303E+18,1.18708E+18
1,1.08342E+18,30062488
1,1.08342E+18,1.35492E+18
1,1.08362E+18,1.24129E+18
1,1.08428E+18,9.08691E+17
1,1.08428E+18,192446249
1,1.08428E+18,1.06135E+18
1,1.08428E+18,1.06788E+18
1,1.08428E+18,1.04331E+18
1,1.08428E+18,1.30732E+18
1,1.08428E+18,8.50003E+17
1,1.08428E+18,242151754
1,1.08428E+18,406654240
1,1.08428E+18,9.51495E+17
1,1.08428E+18,4528248976
1,1.08428E+18,1.08303E+18
1,1.08428E+18,4239143413
1,1.08428E+18,101317272
1,1.08428E+18,1.1222E+18
1,1.08429E+18,2263137086
1,1.08452E+18,192446249
1,1.08452E+18,1.29395E+18
1,1.08452E+18,1.36237E+18
1,1.08452E+18,1.3657E+18
1,1084984824,62108806
1,1.08638E+18,25949466
1,1.08638E+18,1384411003
1,1.08638E+18,1.20289E+18
1,1.08638E+18,1.31206E+18
1,1.08638E+18,1.22231E+18
1,1.08638E+18,1.24714E+18
1,108878985,110605827
1,1.08905E+18,192446249
1,1.08905E+18,1.34102E+18
1,1.08905E+18,1.26648E+18
1,1.08905E+18,2341284950
1,1.08921E+18,150159234
1,1.08921E+18,9.28888E+17
1,1.08921E+18,9.71137E+17
1,1.08921E+18,1867108873
1,1.08921E+18,7.59051E+17
1,1.08921E+18,9.51877E+17
1,1.08921E+18,1.07936E+18
1,1.08921E+18,9.34871E+17
1,1.08921E+18,2337724718
1,1.08921E+18,2538082935
1,1.08921E+18,1.32948E+18
1,1.08921E+18,1.15769E+18
1,1.08921E+18,1.0046E+18
1,1.09173E+18,1.31111E+18
1,1.09173E+18,1.27066E+18
1,1.09173E+18,2280805769
1,1.09173E+18,2615972152
1,1.09173E+18,53143589
1,1.09173E+18,1.27329E+18
1,1.09426E+18,2227519243
1,1.09426E+18,42567817
1,1.09426E+18,1.03005E+18
1,1.09426E+18,1.18633E+18
1,1.09726E+18,7.46783E+17
1,1.09844E+18,9.78242E+17
1,1.09844E+18,9.39307E+17
1,1.10443E+18,2268584392
1,1.10554E+18,9.49086E+17
1,1.10554E+18,1.03566E+18
1,1.10554E+18,3388780323
1,1.10554E+18,4744548854
1,1.10554E+18,1.30732E+18
1,1.10554E+18,53143589
1,1.10554E+18,2615972152
1,110626303,9.01059E+17
1,1.10839E+18,1.21304E+18
1,1.10845E+18,1.25321E+18
1,1.10868E+18,513559960
1,1.10868E+18,43301547
1,1.10868E+18,130384095
1,1.10868E+18,9.63976E+17
1,1.11016E+18,2668541539
1,1.11016E+18,9.25002E+17
1,1.11096E+18,2645449265
1,1.11129E+18,468022281
1,1.11129E+18,91473252
1,1.11129E+18,6.98614E+17
1,1.11129E+18,548342907
1,1.11129E+18,1.25623E+18
1,1.11129E+18,9.48285E+17
1,111421712,1.29395E+18
1,1.11456E+18,194499127
1,1.11573E+18,9.71729E+17
1,1.11713E+18,2539632308
1,1.11779E+18,1.20347E+18
1,1.11781E+18,335943125
1,1.11781E+18,9.11959E+17
1,1.1179E+18,1.31206E+18
1,1.11846E+18,51809476
1,1.11846E+18,1.05256E+18
1,1.1203E+18,1.06483E+18
1,1.1222E+18,192446249
1,1.1222E+18,1.08428E+18
1,1.1222E+18,1.26648E+18
1,1.1222E+18,2742279203
1,1.1222E+18,3114052794
1,112256703,9.92535E+17
1,1.125E+18,1.20452E+18
1,1.12786E+18,2172540562
1,1.12803E+18,2881586303
1,1.12803E+18,1.24979E+18
1,1.12803E+18,339544187
1,1.13043E+18,1.1402E+18
1,1.13043E+18,420710798
1,1.1319E+18,1.21466E+18
1,1.13221E+18,1.03204E+18
1,1.13388E+18,1.23999E+18
1,1.13401E+18,9.49086E+17
1,1.13401E+18,9.12747E+17
1,1.13401E+18,9.00741E+17
1,1.13401E+18,406654240
1,1.13401E+18,1.10554E+18
1,1.13846E+18,7.88776E+17
1,1.13998E+18,9.01059E+17
1,1.14007E+18,165241607
1,1.1411E+18,3348565750
1,1.1411E+18,1.27043E+18
1,1.1411E+18,1.17178E+18
1,1.14146E+18,8.77408E+17
1,1.14146E+18,9.21785E+17
1,1.14146E+18,1431264253
1,1.14153E+18,9.69616E+17
1,1.1417E+18,1.06145E+18
1,1.1417E+18,1.23628E+18
1,1.1417E+18,9.91238E+17
1,1.1417E+18,1.29566E+18
1,1.1417E+18,1.26914E+18
1,1.1417E+18,1.05608E+18
1,1.14227E+18,8.72973E+17
1,1.14301E+18,1.29386E+18
1,1.14301E+18,1.29421E+18
1,1.1459E+18,216877746
1,1.1459E+18,1.33474E+18
1,1.1459E+18,8.08117E+17
1,1.14629E+18,1.23559E+18
1,1.1485E+18,48438207
1,1.1485E+18,7.91894E+17
1,1.14989E+18,1.06145E+18
1,1.14997E+18,1.06145E+18
1,1.14997E+18,767442764
1,1.14997E+18,34609862
1,1.15027E+18,4071006503
1,1.15027E+18,1.35783E+18
1,1.15027E+18,2754243826
1,1151355734,1.37941E+18
1,1151355734,9.79251E+17
1,1.15149E+18,9.14761E+17
1,1.15149E+18,18152452
1,1.15183E+18,500399906
1,115277678,70183578
1,1.15396E+18,1.29774E+18
1,1.15578E+18,1357980644
1,1.15627E+18,9.8126E+17
1,1.15769E+18,1631401460
1,1.15769E+18,9.08691E+17
1,1.15769E+18,192446249
1,1.15769E+18,1.22256E+18
1,1.15769E+18,15404720
1,1.15769E+18,1.31111E+18
1,1.15769E+18,1.08342E+18
1,1.15769E+18,1.20364E+18
1,1.15769E+18,2341284950
1,1.15769E+18,4528248976
1,1.15769E+18,1.27301E+18
1,1.15769E+18,9.7898E+17
1,1.15769E+18,7.33809E+17
1,1.15769E+18,1.30838E+18
1,1.15769E+18,1.18708E+18
1,1.15769E+18,130384095
1,1.15769E+18,1.19171E+18
1,1.15769E+18,53143589
1,1.15769E+18,9.30238E+17
1,1.15769E+18,2615972152
1,1.15769E+18,242151754
1,1.15769E+18,1.00931E+18
1,1.15769E+18,7.35966E+17
1,1.15769E+18,627476981
1,1.15769E+18,1.32948E+18
1,1.15826E+18,2922331025
1,1.15826E+18,1.31111E+18
1,1.15826E+18,1.17758E+18
1,1.15826E+18,1.20376E+18
1,1.15826E+18,1.03542E+18
1,1.15826E+18,1.35373E+18
1,1.15913E+18,1.26463E+18
1,1159890631,87472789
1,1.16108E+18,2268584392
1,1.16314E+18,157605764
1,116430721,9.99181E+17
1,116430721,1.18633E+18
1,116430721,1.03005E+18
1,116430721,1.1866E+18
1,116430721,2227519243
1,1.16814E+18,7.02604E+17
1,1.16986E+18,9.14248E+17
1,1.16986E+18,1.03165E+18
1,1.17064E+18,9.46846E+17
1,1.17138E+18,17532775
1,1.17178E+18,758947081
1,1.17178E+18,426277984
1,1.17178E+18,406654240
1,1.17178E+18,9.37753E+17
1,1.17434E+18,1.34297E+18
1,1.17434E+18,58007666
1,117550842,183362434
1,117550842,1.35997E+18
1,117550842,1.29687E+18
1,117550842,443073989
1,117550842,730481172
1,117550842,1.34649E+18
1,117550842,1.36595E+18
1,117550842,1.32625E+18
1,11774,2270959364
1,11774,460968098
1,11774,183362434
1,11774,1.34944E+18
1,11774,1.37073E+18
1,1177439730,8.1723E+17
1,1.17758E+18,2922331025
1,1.17758E+18,1.25937E+18
1,1.17804E+18,578380018
1,1.17828E+18,1.1844E+18
1,1.17828E+18,9.71653E+17
1,1.17828E+18,4071006503
1,1.17828E+18,8.50003E+17
1,1.17828E+18,1.05986E+18
1,1.17828E+18,7.38293E+17
1,1.17828E+18,1.10554E+18
1,1.17828E+18,230028736
1,1.18027E+18,1.37941E+18
1,1.18173E+18,1.353E+18
1,1.18436E+18,1.27119E+18
1,1.1844E+18,334623243
1,1.1844E+18,8483002
1,1.1844E+18,1.06135E+18
1,1.1844E+18,1.28776E+18
1,1.1844E+18,1.17761E+18
1,1.1844E+18,9.44593E+17
1,1.1844E+18,9.64652E+17
1,1.1844E+18,43301547
1,1.1844E+18,1.28713E+18
1,1.1844E+18,9.64516E+17
1,1.1844E+18,315891651
1,1.1844E+18,1.17828E+18
1,1.1844E+18,855952662
1,1.1844E+18,1.15149E+18
1,1.1844E+18,20912098
1,1.18633E+18,55585412
1,1.18633E+18,116430721
1,1.18633E+18,1.16108E+18
1,1.18633E+18,1.1866E+18
1,1.18633E+18,9.99181E+17
1,1.18708E+18,9.42184E+17
1,1.18708E+18,1.08303E+18
1,1.18708E+18,4528248976
1,1.18708E+18,17002351
1,1.18856E+18,9.41994E+17
1,1.18856E+18,1.26322E+18
1,1.18856E+18,315891651
1,1.18856E+18,270698032
1,1.18856E+18,1.1886E+18
1,1.18856E+18,2615972152
1,1.18856E+18,406654240
1,1.18856E+18,3114052794
1,1.19171E+18,192446249
1,1.19171E+18,9.42184E+17
1,1.19171E+18,1.34102E+18
1,1.19171E+18,1.3657E+18
1,1.19171E+18,264085436
1,1.19171E+18,1.28245E+18
1,1.19171E+18,9.05111E+17
1,1.19171E+18,270698032
1,1.19171E+18,1.28713E+18
1,1.19171E+18,406654240
1,1.19171E+18,1.15769E+18
1,1.19171E+18,627476981
1,1.19171E+18,426277984
1,1.19171E+18,38729611
1,1.19171E+18,18152452
1,1.1934E+18,4827890056
1,1.1934E+18,3372411574
1,1.1953E+18,202119411
1,1.19766E+18,1.3315E+18
1,1.19766E+18,1.01202E+18
1,1.19766E+18,9.71653E+17
1,1.19766E+18,1.28159E+18
1,1.19881E+18,1.03165E+18
1,1.19899E+18,1.26548E+18
1,1.20141E+18,1.27514E+18
1,1.20141E+18,4071006503
1,1.20141E+18,1.27329E+18
1,1.20141E+18,508182536
1,1.20206E+18,91473252
1,1.20206E+18,1.24213E+18
1,1.20206E+18,1.30824E+18
1,1.20206E+18,548342907
1,1.20206E+18,1.25623E+18
1,1.20221E+18,1.21828E+18
1,1.20278E+18,2873955731
1,1.20278E+18,9.78128E+17
1,1.20278E+18,130384095
1,1.20278E+18,1.22452E+18
1,120288669,366703037
1,1.20289E+18,9.46448E+17
1,1.20289E+18,1.08638E+18
1,1.20289E+18,2781202710
1,1.20289E+18,1.353E+18
1,1.20289E+18,1.05532E+18
1,1.20289E+18,240095290
1,1.20289E+18,9.63254E+17
1,1.20289E+18,9.8832E+17
1,1.20339E+18,1.37588E+18
1,1.20339E+18,1.25991E+18
1,1.20339E+18,1.37745E+18
1,1.20339E+18,1.31061E+18
1,1.20339E+18,1.37752E+18
1,1.20339E+18,1.32667E+18
1,1.20339E+18,8.57404E+17
1,1.20339E+18,1.36687E+18
1,1.20339E+18,9.75968E+17
1,1.20364E+18,1.33663E+18
1,1.20364E+18,1.1222E+18
1,1.20364E+18,1.36237E+18
1,1.20364E+18,1.22281E+18
1,1.20364E+18,315891651
1,1.20364E+18,1.18708E+18
1,1.20364E+18,1.09173E+18
1,1.20364E+18,9.44593E+17
1,1.20364E+18,9.26443E+17
1,1.20364E+18,242151754
1,1.20364E+18,1.20376E+18
1,1.20364E+18,1.30824E+18
1,1.20364E+18,1.15769E+18
1,1.20364E+18,1.18856E+18
1,1.20364E+18,1.28713E+18
1,1.20376E+18,1.25108E+18
1,1.20376E+18,1.08342E+18
1,1.20376E+18,1.21408E+18
1,1.20376E+18,1.20364E+18
1,1.20376E+18,9.51877E+17
1,1.20376E+18,130384095
1,1.20376E+18,1.26648E+18
1,1.20376E+18,9.82214E+17
1,1.20376E+18,1.13401E+18
1,1.20451E+18,3268838984
1,1.20451E+18,286442602
1,1.20451E+18,15329909
1,1.20451E+18,1.25991E+18
1,1.20451E+18,21537473
1,1.20451E+18,1218147452
1,1.20451E+18,1.20664E+18
1,1.20451E+18,1.24032E+18
1,1.20451E+18,1.013E+18
1,1.20452E+18,4898301
1,1.20452E+18,1.125E+18
1,1.20452E+18,1.13846E+18
1,1.20452E+18,4666179488
1,1.2062E+18,1.27033E+18
1,1.2062E+18,1.07867E+18
1,1.20664E+18,398794375
1,1.20664E+18,2742279203
1,1.20664E+18,1.20451E+18
1,1.20779E+18,1.04243E+18
1,1.20779E+18,40614474
1,1213873928,3415077141
1,1213873928,19841658
1,1.21408E+18,1.20376E+18
1,1.21408E+18,9.6145E+17
1,1.21466E+18,8.49268E+17
1,1.21466E+18,1.3664E+18
1,1.21466E+18,1.34463E+18
1,1.21466E+18,1.1319E+18
1,1.21738E+18,1.37941E+18
1,1218147452,1.013E+18
1,1.21817E+18,9.30041E+17
1,1.21817E+18,1.14007E+18
1,1.21828E+18,1.37941E+18
1,1.21828E+18,1151355734
1,1.21866E+18,9.8126E+17
1,1.21948E+18,9.86956E+17
1,1.22231E+18,1.08638E+18
1,1.22231E+18,1.02235E+18
1,1.22256E+18,1.346E+18
1,1.22256E+18,130384095
1,1.22256E+18,415671881
1,122258113,9.46482E+17
1,122258113,9.44593E+17
1,122258113,1.36237E+18
1,1.22281E+18,44820343
1,1.22281E+18,3114052794
1,1.22371E+18,1.26211E+18
1,1.22371E+18,45048443
1,1.22371E+18,9.34871E+17
1,1.22371E+18,1.14997E+18
1,1.22371E+18,1.33506E+18
1,1.22371E+18,900265802
1,1.22452E+18,9.49086E+17
1,1.22452E+18,2873955731
1,1.22452E+18,1213873928
1,1.22452E+18,469314544
1,1.22452E+18,1559043654
1,1.22452E+18,9.78128E+17
1,1.22452E+18,1.20278E+18
1,1.22452E+18,1.04331E+18
1,1.22452E+18,46770271
1,1.22452E+18,1.35373E+18
1,1.22452E+18,2615972152
1,1.22452E+18,1.10554E+18
1,1.22452E+18,406654240
1,122520941,1.13483E+18
1,122520941,1080996930
1,122520941,77380160
1,1.22628E+18,1.37416E+18
1,1.22628E+18,1.37588E+18
1,1.22628E+18,1.37745E+18
1,1.22628E+18,1.37752E+18
1,1.22628E+18,1.37325E+18
1,1.22628E+18,1.36897E+18
1,1.22628E+18,2270959364
1,1.22628E+18,1.36738E+18
1,1.22628E+18,1.03138E+18
1,1.22628E+18,11774
1,1.22628E+18,1.37004E+18
1,1.22942E+18,1.30468E+18
1,1.22991E+18,1.07449E+18
1,1.23012E+18,2559005541
1,1.23012E+18,19640334
1,1.23012E+18,1.37941E+18
1,1.23012E+18,7.82602E+17
1,1.23069E+18,1.25406E+18
1,1.23069E+18,1.29386E+18
1,1.23069E+18,1.34506E+18
1,1.23069E+18,1.34506E+18
1,1.23117E+18,17413138
1,1.23127E+18,1.31836E+18
1,1.23127E+18,539372253
1,1.23127E+18,1.35475E+18
1,1.23127E+18,1.23293E+18
1,1.23293E+18,539372253
1,1.23293E+18,1.35475E+18
1,1.23293E+18,1.23127E+18
1,1.23293E+18,1.37941E+18
1,1.23293E+18,1.29566E+18
1,1.23338E+18,1076938928
1,1.23559E+18,1.12839E+18
1,1.23559E+18,9.97596E+17
1,1.23559E+18,164595203
1,1.23559E+18,1.05532E+18
1,1.23559E+18,157605764
1,1.2362E+18,9.64516E+17
1,1.2362E+18,1.1546E+18
1,1.2362E+18,1.21466E+18
1,1.23628E+18,1.06145E+18
1,1.23628E+18,1.1417E+18
1,1.23628E+18,1.26914E+18
1,1.23628E+18,1.37941E+18
1,1.23737E+18,1.32646E+18
1,1.23737E+18,2470000940
1,1.23737E+18,7.6654E+17
1,123783243,9.48081E+17
1,123783243,1.03138E+18
1,1.23885E+18,431831209
1,1.23898E+18,1.33663E+18
1,1.23898E+18,1.3657E+18
1,1.23898E+18,1.27066E+18
1,1.23898E+18,1.26322E+18
1,1.23898E+18,9.05111E+17
1,1.23898E+18,1.18856E+18
1,1.23898E+18,4528248976
1,1.23898E+18,1.10554E+18
1,1.23898E+18,38729611
1,1.23994E+18,2280805769
1,1.23999E+18,3307318595
1,1.24028E+18,1.36595E+18
1,1.24028E+18,26797907
1,1.24028E+18,1.25991E+18
1,1.24028E+18,1.34722E+18
1,1.24028E+18,9.44279E+17
1,1.24032E+18,1.26107E+18
1,1.24032E+18,15329909
1,1.24032E+18,3929161
1,1.24032E+18,1218147452
1,1.24032E+18,1.20451E+18
1,1.24032E+18,1.013E+18
1,1.24129E+18,1.08362E+18
1,1.24213E+18,1.20206E+18
1,1.24213E+18,9.73588E+17
1,1.24213E+18,548342907
1,1.24213E+18,468022281
1,1.24213E+18,91473252
1,1.24213E+18,6.98614E+17
1,1.24236E+18,9.50495E+17
1,1.24236E+18,9.97596E+17
1,1.24236E+18,1.23559E+18
1,1.24236E+18,9.48524E+17
1,1.24236E+18,1.33451E+18
1,1.24236E+18,1084984824
1,1.24322E+18,2841276346
1,1.24322E+18,335484490
1,1.24322E+18,271537125
1,1.24322E+18,122310026
1,1.24387E+18,1.35556E+18
1,1.24387E+18,7.14813E+17
1,1.24387E+18,51809476
1,1.24387E+18,1.10395E+18
1,1.24387E+18,9.87098E+17
1,1.24419E+18,46737288
1,1.24419E+18,1.37122E+18
1,1.24446E+18,583358541
1,1.24446E+18,2248313230
1,124627569,1.32994E+18
1,1.24714E+18,388726007
1,1.24714E+18,1.00852E+18
1,1.2482E+18,9.13375E+17
1,1.24943E+18,1.31111E+18
1,1.24943E+18,9.30238E+17
1,1.24943E+18,9.4448E+17
1,1.24965E+18,1.31784E+18
1,1.24979E+18,1.1954E+18
1,1.24979E+18,9.61817E+17
1,1.2514E+18,1.26977E+18
1,1.2514E+18,120111839
1,1.25257E+18,7.4467E+17
1,1.25257E+18,9.14248E+17
1,1.25257E+18,2341284950
1,1.25257E+18,1.01843E+18
1,1.25321E+18,1.21304E+18
1,1.25321E+18,1.28342E+18
1,1.25399E+18,1.30255E+18
1,1.25399E+18,1.30258E+18
1,1.25406E+18,1.30255E+18
1,1.25406E+18,1.31364E+18
1,1.25406E+18,1.30258E+18
1,1.25406E+18,1.23069E+18
1,1.25406E+18,2356812614
1,1.25406E+18,1.34506E+18
1,1.25406E+18,1.26556E+18
1,1.25406E+18,2470000940
1,1.25406E+18,1.34506E+18
1,1.25406E+18,1.29471E+18
1,1.25406E+18,1.30477E+18
1,1.25406E+18,1.34506E+18
1,1.25406E+18,1.30574E+18
1,1.25406E+18,9.98985E+17
1,1.25406E+18,1.33848E+18
1,1.25406E+18,1.29421E+18
1,1.25406E+18,1.29386E+18
1,1.25418E+18,9.51666E+17
1,1.25418E+18,1.30015E+18
1,1.25418E+18,1.34297E+18
1,1.25505E+18,1.37941E+18
1,1.25623E+18,1.20206E+18
1,1.25623E+18,1.11129E+18
1,1.25623E+18,468022281
1,1.25623E+18,6.98614E+17
1,1.25623E+18,9.73588E+17
1,1.25842E+18,32885445
1,1.25895E+18,1906372862
1,1.25895E+18,1.32948E+18
1,1.25923E+18,78139709
1,1.25923E+18,47395300
1,1.25923E+18,58007666
1,1.25937E+18,2922331025
1,1.25937E+18,1.15826E+18
1,1.25937E+18,1.03542E+18
1,1.25937E+18,8.44115E+17
1,1.25937E+18,1.17758E+18
1,1.25948E+18,1.34909E+18
1,1.25991E+18,1.36778E+18
1,1.25991E+18,1.20451E+18
1,1.25991E+18,1615886408
1,1.25991E+18,1.20339E+18
1,1.25991E+18,1.24028E+18
1,1.26004E+18,2467272554
1,1.26119E+18,1.32506E+18
1,1.26119E+18,1.27424E+18
1,1.26211E+18,1.26317E+18
1,1.26317E+18,9.43124E+17
1,1.26322E+18,4528248976
1,1.26322E+18,270698032
1,1.26326E+18,1.24446E+18
1,1.2638E+18,1.36894E+18
1,1.26454E+18,1.26107E+18
1,1.26454E+18,1.20451E+18
1,1.26454E+18,1.013E+18
1,1.26454E+18,1.24032E+18
1,1.26454E+18,2775908668
1,1.26454E+18,1218147452
1,1.26454E+18,1.3648E+18
1,1.26454E+18,417340229
1,1.2646E+18,1.27083E+18
1,1.26548E+18,1.15149E+18
1,1.26548E+18,1.19899E+18
1,1.26548E+18,1.27301E+18
1,1.26556E+18,1.31364E+18
1,1.26556E+18,1.23069E+18
1,1.26556E+18,2356812614
1,1.26556E+18,1.34506E+18
1,1.26556E+18,1.25406E+18
1,1.26556E+18,1.29421E+18
1,1.26556E+18,1.33848E+18
1,1.26556E+18,1.37615E+18
1,1.26556E+18,1.34506E+18
1,1.26556E+18,1.30477E+18
1,1.26556E+18,1.34506E+18
1,1.26611E+18,1.03259E+18
1,1.26622E+18,259703516
1,1.26648E+18,1.33663E+18
1,1.26648E+18,1.06788E+18
1,1.26648E+18,7.45705E+17
1,1.26648E+18,1.1222E+18
1,1.26648E+18,1.08905E+18
1,1.26648E+18,1.28245E+18
1,1.26648E+18,9.54837E+17
1,1.26648E+18,2341284950
1,1.26648E+18,270698032
1,1.26648E+18,3114052794
1,1.26648E+18,1.32948E+18
1,1.26648E+18,627476981
1,1.26648E+18,1.20376E+18
1,1.26648E+18,9.26443E+17
1,1.26648E+18,8.22229E+17
1,1.26648E+18,1.35492E+18
1,1.26648E+18,1.27301E+18
1,1.26648E+18,1.35373E+18
1,1.26705E+18,1.27877E+18
1,1.26705E+18,1.20376E+18
1,1.26705E+18,1.11846E+18
1,1.26845E+18,2270959364
1,1.26914E+18,1.23628E+18
1,1.26914E+18,1.07936E+18
1,1.26914E+18,1.1417E+18
1,1.26977E+18,1.37268E+18
1,1.27033E+18,8.49268E+17
1,1.27033E+18,1.07936E+18
1,1.27033E+18,1.33791E+18
1,1.27033E+18,1.2062E+18
1,1.27033E+18,1.37941E+18
1,1.27033E+18,1.05182E+18
1,1.27043E+18,1.2482E+18
1,1.27043E+18,1.05267E+18
1,1.27043E+18,9.49188E+17
1,1.27043E+18,1.1411E+18
1,1.27043E+18,1.0046E+18
1,1.27043E+18,1.26266E+18
1,1.27043E+18,1.2733E+18
1,1.27119E+18,1.18436E+18
1,1.27138E+18,1.07449E+18
1,1.27243E+18,1.11295E+18
1,1.27243E+18,7.76437E+17
1,1.27243E+18,4881139042
1,1.27243E+18,2227436731
1,1.27243E+18,1.05267E+18
1,1.27243E+18,1.28002E+18
1,1.27243E+18,7.30114E+17
1,1.27243E+18,1.0234E+18
1,1.27243E+18,9.93041E+17
1,1.27243E+18,2191010738
1,1.27243E+18,325870135
1,1.27243E+18,124996190
1,1.27243E+18,589054850
1,1.27243E+18,77757185
1,1.27243E+18,17228521
1,1.27243E+18,1.21408E+18
1,1.27243E+18,1.11543E+18
1,1.27243E+18,1.33506E+18
1,1.27243E+18,7.19909E+17
1,1.27243E+18,1.18874E+18
1,1.27243E+18,560892332
1,1.27243E+18,1.0046E+18
1,1.27243E+18,1.18633E+18
1,1.27243E+18,1.19378E+18
1,1.27243E+18,71819987
1,1.27243E+18,978776468
1,1.27243E+18,578841971
1,1.27243E+18,6.98614E+17
1,1.27243E+18,8.92376E+17
1,1.27301E+18,1.33663E+18
1,1.27301E+18,9.49086E+17
1,1.27301E+18,1.3657E+18
1,1.27301E+18,1.04331E+18
1,1.27301E+18,1.31111E+18
1,1.27301E+18,9.71729E+17
1,1.27301E+18,3114052794
1,1.27301E+18,4528248976
1,1.27301E+18,1.15769E+18
1,1.27301E+18,1.29395E+18
1,1.27301E+18,1.06164E+18
1,1.27301E+18,1.35783E+18
1,1.27301E+18,38729611
1,1.2733E+18,128051393
1,1.2733E+18,184813842
1,1.2733E+18,1.29893E+18
1,1.2733E+18,1.29471E+18
1,1.2733E+18,723970656
1,1.2733E+18,420710798
1,1.2733E+18,1.27043E+18
1,1.27342E+18,4380328392
1,1.27349E+18,1.35697E+18
1,1.27406E+18,9.97596E+17
1,1.27424E+18,1.26119E+18
1,1.27426E+18,468185456
1,1.27426E+18,9.71653E+17
1,1.27426E+18,7.38551E+17
1,1.27514E+18,1.32391E+18
1,1.27514E+18,1.29218E+18
1,1.27514E+18,1.34541E+18
1,1.27514E+18,1.20141E+18
1,1.27514E+18,1.3147E+18
1,1.27794E+18,1.21828E+18
1,1.27809E+18,9.43124E+17
1,1.27809E+18,66126700
1,1.27809E+18,9.45397E+17
1,1.27809E+18,4777383375
1,1.27809E+18,7.61528E+17
1,1.27877E+18,8.44115E+17
1,1.27947E+18,1.35204E+18
1,1.27955E+18,755890603
1,1.27955E+18,8.07258E+17
1,1.28002E+18,1.33313E+18
1,128051393,1.28159E+18
1,128051393,1.32621E+18
1,128051393,1.21328E+18
1,128051393,8.84118E+17
1,1.28056E+18,1.20221E+18
1,1.28056E+18,1.07936E+18
1,1.28123E+18,1.2559E+18
1,1.28159E+18,8.62801E+17
1,1.28159E+18,1.37172E+18
1,1.28159E+18,1.37578E+18
1,1.28159E+18,1.29687E+18
1,1.28159E+18,1.19766E+18
1,1.28159E+18,1.28123E+18
1,1.28159E+18,1.32621E+18
1,1.28159E+18,438997939
1,1.28187E+18,1.20779E+18
1,1.28187E+18,1.30771E+18
1,1.28245E+18,9.08691E+17
1,1.28245E+18,1.33663E+18
1,1.28245E+18,192446249
1,1.28245E+18,3348565750
1,1.28245E+18,1.34102E+18
1,1.28245E+18,264085436
1,1.28245E+18,1.36237E+18
1,1.28245E+18,1.35492E+18
1,1.28245E+18,9.44593E+17
1,1.28245E+18,1.35783E+18
1,1.28245E+18,406654240
1,1.28245E+18,1.28713E+18
1,1.28245E+18,513559960
1,1.28342E+18,8.58651E+17
1,1.28342E+18,1.25321E+18
1,1.28364E+18,1482611202
1,1.28364E+18,128104826
1,1.28392E+18,1.30408E+18
1,1.28414E+18,8.07258E+17
1,1.28414E+18,1.30508E+18
1,1.28414E+18,1656936157
1,1.28436E+18,2780558549
1,1.28436E+18,432652724
1,1.28574E+18,9.78128E+17
1,1.28574E+18,1.20278E+18
1,1.28574E+18,1.22452E+18
1,1.28574E+18,6.98614E+17
1,1.28713E+18,9.08691E+17
1,1.28713E+18,1.33663E+18
1,1.28713E+18,9.49086E+17
1,1.28713E+18,192446249
1,1.28713E+18,9.42184E+17
1,1.28713E+18,1.28776E+18
1,1.28713E+18,1.08452E+18
1,1.28713E+18,1.3657E+18
1,1.28713E+18,9.45486E+17
1,1.28713E+18,1.1222E+18
1,1.28713E+18,1.1844E+18
1,1.28713E+18,1.28245E+18
1,1.28713E+18,9.54837E+17
1,1.28713E+18,315891651
1,1.28713E+18,1.20364E+18
1,1.28713E+18,2341284950
1,1.28713E+18,1.35373E+18
1,1.28713E+18,1.18708E+18
1,1.28713E+18,1.30732E+18
1,1.28713E+18,1.26648E+18
1,1.28713E+18,1.19171E+18
1,1.28713E+18,9.44593E+17
1,1.28713E+18,9.26443E+17
1,1.28713E+18,1.35783E+18
1,1.28713E+18,627476981
1,1.28713E+18,44820343
1,1.28713E+18,7.80543E+17
1,1.28713E+18,3114052794
1,1.28776E+18,9.08691E+17
1,1.28776E+18,1.33663E+18
1,1.28776E+18,9.49086E+17
1,1.28776E+18,192446249
1,1.28776E+18,1.35373E+18
1,1.28776E+18,18152452
1,1.28776E+18,1.35492E+18
1,1.28776E+18,9.44593E+17
1,1.28776E+18,9.26443E+17
1,1.28776E+18,1.35783E+18
1,1.28776E+18,627476981
1,1.28776E+18,1.15769E+18
1,1.28776E+18,406654240
1,1.28776E+18,44820343
1,1.28776E+18,7.80543E+17
1,1.28776E+18,9.51495E+17
1,1.28776E+18,4528248976
1,1.28776E+18,230028736
1,1.28776E+18,1.28713E+18
1,1.28776E+18,9.54837E+17
1,1.28776E+18,513559960
1,1.28776E+18,1.1844E+18
1,1.28776E+18,1.36237E+18
1,1.28776E+18,264085436
1,1.28776E+18,1.08905E+18
1,1.28776E+18,9.45486E+17
1,1.28776E+18,1.04331E+18
1,1.28776E+18,1.3657E+18
1,1.28828E+18,8.98477E+17
1,1.28828E+18,3307318595
1,1.2892E+18,1.28436E+18
1,1.2892E+18,1.35938E+18
1,1.2892E+18,1.31315E+18
1,1.2892E+18,1.33848E+18
1,1.2892E+18,1.30824E+18
1,1.2892E+18,44820343
1,1.2892E+18,1.28245E+18
1,1.28966E+18,1.30541E+18
1,1.28966E+18,1.28159E+18
1,1.28966E+18,161590330
1,1.28966E+18,271911263
1,1.28966E+18,1.26611E+18
1,1.28966E+18,406467105
1,1.28966E+18,1.28966E+18
1,1.28966E+18,9.52558E+17
1,1.28966E+18,1.36054E+18
1,1.28966E+18,1.28436E+18
1,1.28966E+18,1.29056E+18
1,1.28966E+18,9.43544E+17
1,1.28966E+18,216877746
1,1.28966E+18,1.31315E+18
1,1.28966E+18,9.6145E+17
1,1.28966E+18,1.26611E+18
1,1.28966E+18,1.35959E+18
1,1.28969E+18,1.29056E+18
1,1.28969E+18,9.45486E+17
1,1.28969E+18,1.26611E+18
1,1.29027E+18,2924439129
1,1.29027E+18,1.31784E+18
1,1.29037E+18,9.40169E+17
1,1.29037E+18,380385797
1,1.29056E+18,8.61436E+17
1,1.29056E+18,1.23012E+18
1,1.29056E+18,8.62801E+17
1,1.29056E+18,1.28966E+18
1,1.29056E+18,9.48194E+17
1,1.29056E+18,438997939
1,1.29056E+18,9.95698E+17
1,1.29056E+18,9.4608E+17
1,1.29056E+18,9.98985E+17
1,1.29056E+18,1.28969E+18
1,1.29056E+18,269149617
1,1.29056E+18,7.82602E+17
1,1.29056E+18,406467105
1,1.29056E+18,852267594
1,1291076396,9.08691E+17
1,1291076396,1.33066E+18
1,1291076396,9.42184E+17
1,1291076396,9.69079E+17
1,1291076396,4071006503
1,1.29218E+18,900265802
1,1.29218E+18,1.3147E+18
1,1.29218E+18,164595203
1,1.29218E+18,1.27514E+18
1,1.29218E+18,173033375
1,1.29218E+18,349738807
1,1.29218E+18,1.34541E+18
1,1.29386E+18,1.30255E+18
1,1.29386E+18,1.31364E+18
1,1.29386E+18,1.30258E+18
1,1.29386E+18,1.23069E+18
1,1.29386E+18,2356812614
1,1.29386E+18,1.34506E+18
1,1.29386E+18,2470000940
1,1.29386E+18,1.34506E+18
1,1.29386E+18,1.29471E+18
1,1.29386E+18,1.01775E+18
1,1.29386E+18,1.14301E+18
1,1.29421E+18,1.30255E+18
1,1.29421E+18,1.23737E+18
1,1.29421E+18,1.31364E+18
1,1.29421E+18,1.30258E+18
1,1.29421E+18,1.23069E+18
1,1.29421E+18,2356812614
1,1.29421E+18,1.31679E+18
1,1.29421E+18,1.34506E+18
1,1.29421E+18,1.34506E+18
1,1.29421E+18,1.29471E+18
1,1.29421E+18,1.14301E+18
1,1.29471E+18,1.31364E+18
1,1.29471E+18,1.30258E+18
1,1.29471E+18,1.23069E+18
1,1.29471E+18,2356812614
1,1.29471E+18,1.34649E+18
1,1.29471E+18,1.26556E+18
1,1.29471E+18,2470000940
1,1.29471E+18,1.34506E+18
1,1.29471E+18,1.25406E+18
1,1.29471E+18,1.27243E+18
1,1.29471E+18,1.2733E+18
1,1.29471E+18,1.30574E+18
1,1.2952E+18,9.46038E+17
1,1.2952E+18,1.30681E+18
1,1.29527E+18,434370600
1,1.2956E+18,1.35531E+18
1,1.29612E+18,8.53836E+17
1,1.29612E+18,9.47532E+17
1,1.29612E+18,7.50318E+17
1,1.29612E+18,1.22471E+18
1,1.29612E+18,1.00612E+18
1,1.29677E+18,9.92498E+17
1,1.29687E+18,157675450
1,1.30015E+18,1.34297E+18
1,1.30172E+18,1.3157E+18
1,1.30221E+18,1.33663E+18
1,1.30232E+18,1.30468E+18
1,1.30255E+18,1.25406E+18
1,1.30255E+18,1.29386E+18
1,1.30255E+18,1.29421E+18
1,1.30255E+18,1.30408E+18
1,1.30255E+18,1.30574E+18
1,1.30255E+18,1.32646E+18
1,1.30255E+18,1.29471E+18
1,1.30255E+18,1.34506E+18
1,1.30255E+18,9.92498E+17
1,1.30255E+18,1.23069E+18
1,1.30255E+18,1.30258E+18
1,1.30255E+18,1.31364E+18
1,1.30255E+18,1.25399E+18
1,1.30258E+18,1.30255E+18
1,1.30258E+18,1.25399E+18
1,1.30258E+18,1.31364E+18
1,1.30258E+18,1.25406E+18
1,1.30258E+18,1.29386E+18
1,1.30258E+18,1.29421E+18
1,1.30258E+18,1.30408E+18
1,1.30258E+18,9.98985E+17
1,1.30258E+18,1656936157
1,1.30258E+18,7.38551E+17
1,1.30258E+18,1.29471E+18
1,1.30258E+18,1.26556E+18
1,1.30258E+18,1.23069E+18
1,1.30315E+18,1.00476E+18
1,1.30337E+18,193086374
1,1.30337E+18,16535687
1,1.30337E+18,1.17945E+18
1,1.30337E+18,1.02866E+18
1,1.30337E+18,175096743
1,1.30337E+18,1.34791E+18
1,1.30337E+18,1.289E+18
1,130384095,1.22256E+18
1,130384095,1.20278E+18
1,130384095,1.1411E+18
1,130384095,9.05111E+17
1,130384095,2341284950
1,130384095,2280805769
1,130384095,9.26443E+17
1,130384095,162502313
1,1.30395E+18,2864162535
1,1.30395E+18,1.15985E+18
1,1.30403E+18,1.36054E+18
1,1.30408E+18,1.30258E+18
1,1.30408E+18,1.29471E+18
1,1.30408E+18,7.4467E+17
1,1.30408E+18,1.28392E+18
1,1.30408E+18,1.28969E+18
1,1.30408E+18,1.11779E+18
1,1.30408E+18,1.30574E+18
1,1.30408E+18,9.46846E+17
1,1.30457E+18,3273862718
1,1.30468E+18,1.30232E+18
1,1.30468E+18,1.22942E+18
1,1.30473E+18,1.33848E+18
1,1.30477E+18,1.34506E+18
1,1.30477E+18,1.26556E+18
1,1.30477E+18,1.34506E+18
1,1.30477E+18,1.25406E+18
1,1.30477E+18,1.33848E+18
1,1.30477E+18,1.34506E+18
1,1.30516E+18,9.42184E+17
1,1.30516E+18,1.26454E+18
1,1.30516E+18,9.42133E+17
1,1.30516E+18,1.04331E+18
1,1.30516E+18,8.8674E+17
1,1.30516E+18,203480711
1,1.30516E+18,262905402
1,1.30516E+18,2173143861
1,1.30516E+18,1.02866E+18
1,1.30516E+18,242151754
1,1.30516E+18,1.00052E+18
1,1.30516E+18,36172970
1,1.30516E+18,1.13401E+18
1,1.30516E+18,3058020040
1,1.30516E+18,9.46846E+17
1,1.30546E+18,1.31506E+18
1,1.30566E+18,1.35674E+18
1,1.30566E+18,193990081
1,1.30566E+18,1.34919E+18
1,1.30566E+18,1.34649E+18
1,1.30566E+18,1.36613E+18
1,1.30566E+18,1.34167E+18
1,1.30566E+18,1.37002E+18
1,1.30566E+18,1.36661E+18
1,1.30566E+18,2252670684
1,1.30566E+18,149968455
1,1.30574E+18,1.23069E+18
1,1.30574E+18,2356812614
1,1.30574E+18,159954936
1,1.30574E+18,1.34506E+18
1,1.30574E+18,2470000940
1,1.30574E+18,1.34506E+18
1,1.30574E+18,1.29471E+18
1,1.30574E+18,1.2892E+18
1,1.30574E+18,1.34506E+18
1,1.30574E+18,1.25406E+18
1,1.30574E+18,1.29386E+18
1,1.30574E+18,1.33848E+18
1,1.30622E+18,513559960
1,1.30681E+18,1.2952E+18
1,1.30732E+18,9.08691E+17
1,1.30732E+18,9.49086E+17
1,1.30732E+18,192446249
1,1.30732E+18,1.08428E+18
1,1.30732E+18,1.08905E+18
1,1.30732E+18,1.25108E+18
1,1.30732E+18,1.04243E+18
1,1.30732E+18,315891651
1,1.30732E+18,2341284950
1,1.30732E+18,1.28713E+18
1,1.30732E+18,9.00741E+17
1,1.30732E+18,44820343
1,1.30732E+18,1.10554E+18
1,1.30732E+18,2280805769
1,1.30732E+18,1.35492E+18
1,1.30732E+18,53143589
1,1.30732E+18,2414433138
1,1.30732E+18,1.35373E+18
1,1.30824E+18,1.35302E+18
1,1.30824E+18,2227436731
1,1.30824E+18,9.49086E+17
1,1.30824E+18,538964597
1,1.30824E+18,8.82249E+17
1,1.30824E+18,1.20206E+18
1,1.30824E+18,9.45486E+17
1,1.30824E+18,1.15149E+18
1,1.30824E+18,1.28245E+18
1,1.30824E+18,1.26322E+18
1,1.30824E+18,1.03545E+18
1,1.30824E+18,9.54837E+17
1,1.30824E+18,47527429
1,1.30824E+18,4666179488
1,1.30824E+18,315891651
1,1.30824E+18,1.20364E+18
1,1.30824E+18,9.51376E+17
1,1.30824E+18,1.18856E+18
1,1.30824E+18,1.09926E+18
1,1.30824E+18,9.64652E+17
1,1.30824E+18,7.80543E+17
1,1.30824E+18,392884670
1,1.30824E+18,2742279203
1,1.30824E+18,627476981
1,1.30824E+18,18152452
1,1.30824E+18,1.28159E+18
1,1.30824E+18,2414433138
1,1.30824E+18,9.44593E+17
1,1.30824E+18,1.35783E+18
1,1.30824E+18,1.03542E+18
1,1.30824E+18,81671765
1,1.30824E+18,702303373
1,1.30824E+18,1.13485E+18
1,1.30824E+18,49515709
1,1.30824E+18,1.20376E+18
1,1.30838E+18,502600440
1,1.30838E+18,1.20339E+18
1,1.30838E+18,414803551
1,1.30838E+18,1.31994E+18
1,1.30838E+18,1.34722E+18
1,1.30838E+18,1.35803E+18
1,1.30838E+18,1.36074E+18
1,1.30838E+18,1.15769E+18
1,1.30838E+18,1.34944E+18
1,1.30838E+18,1.12968E+18
1,1.30838E+18,176578819
1,1.30974E+18,1.31745E+18
1,1.31061E+18,1.27496E+18
1,1.31061E+18,190109301
1,1.31061E+18,1.32667E+18
1,1.31061E+18,183362434
1,1.31061E+18,1.35803E+18
1,1.31111E+18,1.06788E+18
1,1.31111E+18,1.35492E+18
1,1.31111E+18,1.09173E+18
1,1.31111E+18,9.30238E+17
1,1.31111E+18,9.4448E+17
1,1.31111E+18,270698032
1,1.31158E+18,2400106946
1,1.31158E+18,8.04462E+17
1,1.31158E+18,2252670684
1,1.31158E+18,607862740
1,1.31158E+18,143761507
1,1.31158E+18,1.03944E+18
1,1.31158E+18,1.23898E+18
1,1.31158E+18,1.15826E+18
1,1.31158E+18,702303373
1,1.31158E+18,9.35265E+17
1,131181656,8.27135E+17
1,1.31238E+18,1.33827E+18
1,1.31315E+18,1.24244E+18
1,1.31315E+18,1.28966E+18
1,1.31315E+18,1.28245E+18
1,1.31315E+18,230028736
1,1.31315E+18,1.01114E+18
1,1.31315E+18,1.04564E+18
1,1.31315E+18,1.09173E+18
1,1.31315E+18,9.47465E+17
1,1.31315E+18,9.46627E+17
1,1.31315E+18,8.84793E+17
1,1.31357E+18,528983483
1,1.31364E+18,1.30255E+18
1,1.31364E+18,468022281
1,1.31364E+18,1.25406E+18
1,1.31364E+18,1.29386E+18
1,1.31364E+18,1.28159E+18
1,1.31364E+18,1.29421E+18
1,1.31364E+18,1.15826E+18
1,1.31364E+18,1.2733E+18
1,1.31364E+18,363122568
1,1.31364E+18,2742279203
1,1.31364E+18,7.6729E+17
1,1.31364E+18,1.26611E+18
1,1.31364E+18,1.28966E+18
1,1.31364E+18,1.01639E+18
1,1.31364E+18,3059706638
1,1.31364E+18,9.12074E+17
1,1.31364E+18,1.29471E+18
1,1.31364E+18,9.45486E+17
1,1.31364E+18,2985086508
1,1.31364E+18,9.92498E+17
1,1.31364E+18,1.28966E+18
1,1.31364E+18,2356812614
1,1.31364E+18,1.23069E+18
1,1.31364E+18,1.30258E+18
1,1.3147E+18,1.29218E+18
1,1.3147E+18,9.69079E+17
1,1.3147E+18,173033375
1,1.3147E+18,9.34871E+17
1,1.3147E+18,1.27514E+18
1,1.31506E+18,1.33066E+18
1,1.31506E+18,128051393
1,1.3157E+18,1.30172E+18
1,1.31647E+18,236709875
1,1.31647E+18,1.35083E+18
1,1.31679E+18,1.29421E+18
1,1.31745E+18,7.00473E+17
1,1.31745E+18,1.25263E+18
1,1.31745E+18,2658827755
1,1.31759E+18,163664036
1,1.31994E+18,1.1319E+18
1,1.32057E+18,1.33267E+18
1,132097541,1.37323E+18
1,1321406095,1.37941E+18
1,1.32148E+18,1.34253E+18
1,1.32279E+18,2668541539
1,1.32279E+18,9.32935E+17
1,1.32506E+18,1.26119E+18
1,1325431674,184813842
1,1325431674,1.29395E+18
1,1325491398,1.00616E+18
1,1.32625E+18,117550842
1,1.32625E+18,9.40169E+17
1,1.32625E+18,9.62035E+17
1,1.32625E+18,9.78128E+17
1,1.32646E+18,9.652E+17
1,1.32667E+18,1.27496E+18
1,1.32667E+18,1.13998E+18
1,1.32667E+18,1.37588E+18
1,1.32667E+18,1.37745E+18
1,1.32667E+18,1.31061E+18
1,1.32667E+18,1.37752E+18
1,1.32667E+18,1.37325E+18
1,1.32667E+18,1.24028E+18
1,1.32667E+18,1.20339E+18
1,1.32667E+18,1.34793E+18
1,1.32667E+18,1.36349E+18
1,1.32667E+18,2270959364
1,1.32667E+18,460968098
1,1.32667E+18,1.36687E+18
1,1.32667E+18,1651182841
1,1.32667E+18,1.37002E+18
1,1.32667E+18,1.22628E+18
1,1.32667E+18,1.37004E+18
1,1.32667E+18,1.37073E+18
1,1.32667E+18,1206041426
1,1.32751E+18,8.0119E+17
1,1.32871E+18,1.32994E+18
1,1.32871E+18,887829151
1,1.32948E+18,1906372862
1,1.32948E+18,336023926
1,1.32948E+18,1.25895E+18
1,1.32948E+18,21259280
1,1.32948E+18,22708353
1,1.32948E+18,169082573
1,1.32948E+18,9.7898E+17
1,1.32948E+18,2780558549
1,1.32964E+18,8.6169E+17
1,1.32964E+18,1.00542E+18
1,1.32964E+18,1217433457
1,1.32978E+18,18152452
1,1.32978E+18,1.35492E+18
1,1.32994E+18,1.32871E+18
1,1.33066E+18,9.48524E+17
1,1.33066E+18,1291076396
1,1.33066E+18,1.37692E+18
1,1.33109E+18,67048579
1,1.33109E+18,1.03165E+18
1,1.3315E+18,1.08123E+18
1,1.3315E+18,1.27426E+18
1,1.33267E+18,1.32057E+18
1,1.33345E+18,1.26211E+18
1,1.33403E+18,1.37268E+18
1,1.33403E+18,2501567072
1,1.33451E+18,1.33345E+18
1,1.33451E+18,3339239405
1,1.33451E+18,9.52558E+17
1,1.33451E+18,157605764
1,1.33451E+18,1.31238E+18
1,1.33451E+18,1.33827E+18
1,1.33451E+18,9.49244E+17
1,1.33451E+18,240095290
1,1.33474E+18,1.18856E+18
1,1.33506E+18,8.61436E+17
1,1.33506E+18,1.33474E+18
1,1.33506E+18,1.27243E+18
1,1.33663E+18,9.08691E+17
1,1.33663E+18,38729611
1,1.33663E+18,1.35373E+18
1,1.33663E+18,18152452
1,1.33663E+18,1.26648E+18
1,1.33663E+18,1.23898E+18
1,1.33663E+18,1.35492E+18
1,1.33663E+18,9.26443E+17
1,1.33663E+18,1.35783E+18
1,1.33663E+18,1.11779E+18
1,1.33663E+18,44820343
1,1.33663E+18,9.64652E+17
1,1.33663E+18,81836528
1,1.33663E+18,4528248976
1,1.33663E+18,1.28713E+18
1,1.33663E+18,270698032
1,1.33663E+18,9.12747E+17
1,1.33663E+18,1.28245E+18
1,1.33663E+18,1.22281E+18
1,1.33663E+18,1.36237E+18
1,1.33663E+18,264085436
1,1.33663E+18,1068355627
1,1.33663E+18,24821879
1,1.33663E+18,1.3657E+18
1,1.33663E+18,1.28776E+18
1,1.33663E+18,1.34102E+18
1,1.33663E+18,1.06788E+18
1,1.33663E+18,9.49086E+17
1,1.33709E+18,3111836591
1,1.33786E+18,322131176
1,1.33791E+18,1.27033E+18
1,1.33791E+18,1.13388E+18
1,1.33827E+18,3339239405
1,1.33848E+18,1.30255E+18
1,1.33848E+18,1.31364E+18
1,1.33848E+18,1.30258E+18
1,1.33848E+18,1.23069E+18
1,1.33848E+18,2356812614
1,1.33848E+18,1.34506E+18
1,1.33848E+18,1.26556E+18
1,1.33848E+18,2470000940
1,1.33848E+18,1.34506E+18
1,1.33848E+18,1.29471E+18
1,1.33848E+18,1.30477E+18
1,1.33848E+18,1.2892E+18
1,1.33848E+18,1.34506E+18
1,1.33848E+18,1.33506E+18
1,1.33848E+18,1.30574E+18
1,1.33848E+18,1928045881
1,1.33848E+18,1.30473E+18
1,1.33848E+18,1.25406E+18
1,1.33848E+18,1.29386E+18
1,1.33848E+18,1.29421E+18
1,1.34028E+18,1.35204E+18
1,1.34086E+18,8.31395E+17
1,1.34086E+18,1.34649E+18
1,1.34086E+18,1.37752E+18
1,1.34086E+18,1.36855E+18
1,1.34086E+18,1.36E+18
1,1.34102E+18,1.33663E+18
1,1.34102E+18,9.49086E+17
1,1.34102E+18,9.42184E+17
1,1.34102E+18,18152452
1,1.34102E+18,1.19171E+18
1,1.34102E+18,1.35492E+18
1,1.34102E+18,9.26443E+17
1,1.34102E+18,627476981
1,1.34102E+18,4528248976
1,1.34102E+18,1.28245E+18
1,1.34102E+18,1.05903E+18
1,1.34102E+18,1.36237E+18
1,1.34102E+18,1.08905E+18
1,1.34102E+18,1.3657E+18
1,1.34253E+18,1.32148E+18
1,134285663,1.36161E+18
1,134285663,1.36292E+18
1,1.34297E+18,322131176
1,1.34297E+18,887829151
1,1.34297E+18,1.03542E+18
1,1.34297E+18,420710798
1,1.34297E+18,1.30015E+18
1,1.34351E+18,9.88993E+17
1,1.34351E+18,1384411003
1,1.34463E+18,1.00134E+18
1,1.34506E+18,1.30255E+18
1,1.34506E+18,1.31364E+18
1,1.34506E+18,1.30258E+18
1,1.34506E+18,1.23069E+18
1,1.34506E+18,2356812614
1,1.34506E+18,1.25406E+18
1,1.34506E+18,1.29386E+18
1,1.34506E+18,1.29421E+18
1,1.34506E+18,1.33848E+18
1,1.34506E+18,1.30574E+18
1,1.34506E+18,1.34506E+18
1,1.34506E+18,1.30477E+18
1,1.34506E+18,1.29471E+18
1,1.34506E+18,1.34506E+18
1,1.34506E+18,2470000940
1,1.34506E+18,1.26556E+18
1,1.34506E+18,1.31364E+18
1,1.34506E+18,1.30258E+18
1,1.34506E+18,1.23069E+18
1,1.34506E+18,2356812614
1,1.34506E+18,1.34506E+18
1,1.34506E+18,1.26556E+18
1,1.34506E+18,2470000940
1,1.34506E+18,1.25406E+18
1,1.34506E+18,1.29386E+18
1,1.34506E+18,1.29421E+18
1,1.34506E+18,1.33848E+18
1,1.34506E+18,1.30574E+18
1,1.34506E+18,1.33506E+18
1,1.34506E+18,1.34506E+18
1,1.34506E+18,1.2892E+18
1,1.34506E+18,1.30477E+18
1,1.34506E+18,1.29471E+18
1,1.34506E+18,1.30255E+18
1,1.34506E+18,1.31364E+18
1,1.34506E+18,1.30258E+18
1,1.34506E+18,1.23069E+18
1,1.34506E+18,2356812614
1,1.34506E+18,1.34506E+18
1,1.34506E+18,1.26556E+18
1,1.34506E+18,2470000940
1,1.34506E+18,1.34506E+18
1,1.34506E+18,1.29471E+18
1,1.34506E+18,1.30477E+18
1,1.34506E+18,1.2892E+18
1,1.34506E+18,1.25406E+18
1,1.34506E+18,1.29386E+18
1,1.34506E+18,1.29421E+18
1,1.34506E+18,1.33848E+18
1,1.34506E+18,1.30574E+18
1,1.34506E+18,1.33506E+18
1,1.34518E+18,1084984824
1,1.34541E+18,1.27514E+18
1,1.34541E+18,3284784283
1,1.34541E+18,9.34871E+17
1,1.34541E+18,1.2892E+18
1,1.34568E+18,7.69619E+17
1,1.34568E+18,3284784283
1,1.3468E+18,1.35938E+18
1,1.3468E+18,1.36875E+18
1,1.3468E+18,9.26443E+17
1,1.3468E+18,7.80543E+17
1,1.3468E+18,1.28713E+18
1,1.3468E+18,1.36017E+18
1,1.3468E+18,1.35461E+18
1,1.3468E+18,313773946
1,1.3468E+18,1.01639E+18
1,1.3468E+18,1.34086E+18
1,1.3468E+18,1.36237E+18
1,1.3468E+18,1.06216E+18
1,1.3468E+18,1.36393E+18
1,1.3468E+18,1.1402E+18
1,1.3468E+18,9.45486E+17
1,1.3468E+18,1.35519E+18
1,1.3468E+18,1.28776E+18
1,1.3468E+18,1.34102E+18
1,1.3468E+18,1.34649E+18
1,1.3468E+18,1.34919E+18
1,1.3468E+18,1.35842E+18
1,1.3468E+18,193990081
1,1.3468E+18,1.37588E+18
1,1.34684E+18,1.37941E+18
1,1.34722E+18,1.34944E+18
1,1.34768E+18,8.29722E+17
1,1.34779E+18,9.39307E+17
1,1.34793E+18,392884670
1,1.34821E+18,1.34448E+18
1,1.34821E+18,253585382
1,1.34821E+18,77757185
1,1.34841E+18,1.37014E+18
1,1.34909E+18,1.35204E+18
1,1.34909E+18,1.25948E+18
1,1.34919E+18,1.36393E+18
1,1.34944E+18,9592092
1,1.34944E+18,1.34722E+18
1,1.34944E+18,1.35469E+18
1,1.34944E+18,11774
1,1350641384,1.29317E+18
1,1.35171E+18,8.07258E+17
1,1.35204E+18,1.34909E+18
1,1.35204E+18,1.27947E+18
1,1.353E+18,1.35274E+18
1,1.353E+18,632202921
1,1.35302E+18,1.30838E+18
1,1.35302E+18,1.30824E+18
1,1.35373E+18,1.33663E+18
1,1.35373E+18,1.28776E+18
1,1.35373E+18,1.3657E+18
1,1.35373E+18,1.22281E+18
1,1.35373E+18,270698032
1,1.35373E+18,1.22452E+18
1,1.35373E+18,1.28713E+18
1,1.35373E+18,4528248976
1,1.35373E+18,1.35783E+18
1,1.35373E+18,9.26443E+17
1,1.35373E+18,9.44593E+17
1,1.35373E+18,1.26648E+18
1,1.35373E+18,18152452
1,1.35461E+18,8.31395E+17
1,1.35461E+18,1.35519E+18
1,1.35461E+18,1.36393E+18
1,1.35461E+18,7.74188E+17
1,1.35469E+18,215098522
1,1.35475E+18,1.23293E+18
1,1.35475E+18,1.29566E+18
1,1.35475E+18,1.23127E+18
1,1.35492E+18,9.08691E+17
1,1.35492E+18,1.33663E+18
1,1.35492E+18,9.49086E+17
1,1.35492E+18,538964597
1,1.35492E+18,1.06788E+18
1,1.35492E+18,1.34102E+18
1,1.35492E+18,1.28776E+18
1,1.35492E+18,1.3657E+18
1,1.35492E+18,1.08428E+18
1,1.35492E+18,1.31111E+18
1,1.35492E+18,1.28245E+18
1,1.35492E+18,9.54837E+17
1,1.35492E+18,2753375391
1,1.35492E+18,270698032
1,1.35492E+18,3388780323
1,1.35492E+18,4528248976
1,1.35492E+18,81836528
1,1.35492E+18,44820343
1,1.35492E+18,508043072
1,1.35492E+18,627476981
1,1.35492E+18,38729611
1,1.35492E+18,18152452
1,1.35492E+18,1.30732E+18
1,1.35492E+18,1.26648E+18
1,1.35492E+18,1.23898E+18
1,1.35519E+18,8.31395E+17
1,1.35519E+18,1.35842E+18
1,1.35519E+18,1.36E+18
1,1.35519E+18,1.35461E+18
1,1.35519E+18,1.01639E+18
1,1.35519E+18,1.06216E+18
1,1.35521E+18,164595203
1,1.35521E+18,9.45397E+17
1,1.35521E+18,172983745
1,1.35531E+18,1.2956E+18
1,1.35556E+18,16535687
1,1.35556E+18,1.24387E+18
1,1.35556E+18,1.06164E+18
1,1.35556E+18,1.27525E+18
1,1.35597E+18,9.35265E+17
1,1.35653E+18,1.34518E+18
1,1.35653E+18,1.34859E+18
1,1.35674E+18,9.99588E+17
1,1.35674E+18,9.78242E+17
1,1.35674E+18,9.49051E+17
1,1.35783E+18,1.34102E+18
1,1.35783E+18,1.28776E+18
1,1.35783E+18,1.3657E+18
1,1.35783E+18,1.04331E+18
1,1.35783E+18,9.45486E+17
1,1.35783E+18,1.08905E+18
1,1.35783E+18,264085436
1,1.35783E+18,1.36237E+18
1,1.35783E+18,1.22281E+18
1,1.35783E+18,9.12074E+17
1,1.35783E+18,1.28245E+18
1,1.35783E+18,9.12747E+17
1,1.35783E+18,9.54837E+17
1,1.35783E+18,9.17505E+17
1,1.35783E+18,1.15027E+18
1,1.35783E+18,1.28713E+18
1,1.35783E+18,7.80543E+17
1,1.35783E+18,1.10554E+18
1,1.35783E+18,2880037377
1,1.35783E+18,627476981
1,1.35783E+18,426277984
1,1.35783E+18,1.30824E+18
1,1.35783E+18,1.20376E+18
1,1.35783E+18,1.27301E+18
1,1.35783E+18,1.35373E+18
1,1.35783E+18,18152452
1,1.35783E+18,1.23898E+18
1,1.35783E+18,9.26443E+17
1,1357980644,1.15578E+18
1,1.358E+18,1.27267E+18
1,1.358E+18,193086374
1,1.358E+18,254341951
1,1.358E+18,1325491398
1,1.358E+18,62108806
1,1.358E+18,9.79732E+17
1,1.35803E+18,480717665
1,1.35803E+18,1.37073E+18
1,1.35803E+18,1.22628E+18
1,1.35842E+18,8.31395E+17
1,1.35842E+18,1.35373E+18
1,1.35842E+18,1.35938E+18
1,1.35842E+18,1.36E+18
1,1.35842E+18,1.30546E+18
1,1.35842E+18,1.01639E+18
1,1.35842E+18,1.36393E+18
1,1.35842E+18,1.1402E+18
1,1.35842E+18,1.35519E+18
1,1.35842E+18,1.34919E+18
1,1.35938E+18,1.35842E+18
1,1.35938E+18,1.36393E+18
1,1.35938E+18,1.2892E+18
1,1.35938E+18,1.36E+18
1,1.35938E+18,7.81597E+17
1,1.35938E+18,1.36017E+18
1,1.3595E+18,3268838984
1,1.35959E+18,1.27496E+18
1,1.35959E+18,1.37588E+18
1,1.35959E+18,26797907
1,1.35959E+18,1.22256E+18
1,1.35959E+18,85564644
1,1.35959E+18,1.37745E+18
1,1.35959E+18,1.01202E+18
1,1.35959E+18,1.28966E+18
1,1.35959E+18,1.23206E+18
1,1.35959E+18,1.03138E+18
1,1.35959E+18,17002351
1,1.35959E+18,1.37002E+18
1,1.35959E+18,460968098
1,1.35959E+18,1.35803E+18
1,1.35959E+18,1.37793E+18
1,1.36E+18,1.35519E+18
1,1.36E+18,1.35938E+18
1,1.36002E+18,1.36148E+18
1,1.36002E+18,1.37198E+18
1,1.36017E+18,8.31395E+17
1,1.36017E+18,1.35938E+18
1,1.36054E+18,1.28966E+18
1,1.36074E+18,1.37073E+18
1,1.36175E+18,1.36722E+18
1,1.36221E+18,2248313230
1,1.36221E+18,1.24446E+18
1,1.36221E+18,3303696772
1,1.36221E+18,511797386
1,1.36237E+18,1.33663E+18
1,1.36237E+18,9.49086E+17
1,1.36237E+18,1.06135E+18
1,1.36237E+18,1.34102E+18
1,1.36237E+18,1.28776E+18
1,1.36237E+18,1.08452E+18
1,1.36237E+18,1.3657E+18
1,1.36237E+18,9.45486E+17
1,1.36237E+18,264085436
1,1.36237E+18,1.31111E+18
1,1.36237E+18,1.27301E+18
1,1.36237E+18,251945720
1,1.36237E+18,1.19171E+18
1,1.36237E+18,1.35492E+18
1,1.36237E+18,8.22229E+17
1,1.36237E+18,9.44593E+17
1,1.36237E+18,39361135
1,1.36237E+18,9.26443E+17
1,1.36237E+18,1.35783E+18
1,1.36237E+18,406654240
1,1.36237E+18,44820343
1,1.36237E+18,9.51495E+17
1,1.36237E+18,230028736
1,1.36237E+18,2173143861
1,1.36237E+18,1.20364E+18
1,1.36237E+18,9.54837E+17
1,1.36237E+18,1.28245E+18
1,1.36237E+18,1.1179E+18
1,1.36237E+18,1.15149E+18
1,1.36292E+18,89038787
1,1.36292E+18,134285663
1,1.36393E+18,1.35842E+18
1,1.36393E+18,1.34919E+18
1,1.36393E+18,1.34649E+18
1,1.36393E+18,1.1402E+18
1,1.36393E+18,1.35938E+18
1,1.36393E+18,1.36E+18
1,1.36393E+18,1.35461E+18
1,1.36393E+18,1.01639E+18
1,1.3657E+18,9.08691E+17
1,1.3657E+18,9.50442E+17
1,1.3657E+18,1.33663E+18
1,1.3657E+18,9.49086E+17
1,1.3657E+18,1.06788E+18
1,1.3657E+18,9.42184E+17
1,1.3657E+18,1.34102E+18
1,1.3657E+18,1.28776E+18
1,1.3657E+18,1.08452E+18
1,1.3657E+18,1.27301E+18
1,1.3657E+18,1.35373E+18
1,1.3657E+18,18152452
1,1.3657E+18,1.18708E+18
1,1.3657E+18,1.30732E+18
1,1.3657E+18,1.26648E+18
1,1.3657E+18,1.23898E+18
1,1.3657E+18,1.19171E+18
1,1.3657E+18,1.35492E+18
1,1.3657E+18,9.26443E+17
1,1.3657E+18,1.35783E+18
1,1.3657E+18,2615972152
1,1.3657E+18,627476981
1,1.3657E+18,1.15769E+18
1,1.3657E+18,7.80543E+17
1,1.3657E+18,9.51495E+17
1,1.3657E+18,9.64652E+17
1,1.3657E+18,4528248976
1,1.3657E+18,1.28713E+18
1,1.3657E+18,2341284950
1,1.3657E+18,9.17505E+17
1,1.3657E+18,1.20364E+18
1,1.3657E+18,8.6741E+17
1,1.3657E+18,9.05111E+17
1,1.3657E+18,9.54837E+17
1,1.3657E+18,513559960
1,1.3657E+18,9.12747E+17
1,1.3657E+18,1.26322E+18
1,1.3657E+18,1.28245E+18
1,1.3657E+18,1.15149E+18
1,1.3657E+18,1.22281E+18
1,1.3657E+18,1.1844E+18
1,1.3657E+18,1.36237E+18
1,1.3657E+18,264085436
1,1.3657E+18,7.14813E+17
1,1.36595E+18,117550842
1,1.36595E+18,17532775
1,1.36595E+18,1.22628E+18
1,1.36595E+18,134285663
1,1.36595E+18,1.36849E+18
1,1.36595E+18,1.34793E+18
1,1.36595E+18,1.28828E+18
1,1.36595E+18,1.24028E+18
1,1.3664E+18,1.34463E+18
1,1.3664E+18,1.1319E+18
1,1.3664E+18,1.21466E+18
1,1.36687E+18,1.37416E+18
1,1.36687E+18,1.37588E+18
1,1.36687E+18,1.36929E+18
1,1.36687E+18,1.37752E+18
1,1.36687E+18,1.37355E+18
1,1.36687E+18,1.37793E+18
1,136699524,535241898
1,1.36722E+18,1.36175E+18
1,1.36738E+18,4213135953
1,1.36738E+18,1.37793E+18
1,1.36738E+18,1.03138E+18
1,1.36738E+18,1.36175E+18
1,1.36738E+18,1.22628E+18
1,1.36738E+18,1.32948E+18
1,1.36778E+18,1.35469E+18
1,1.36778E+18,509319582
1,1.36778E+18,363122568
1,1.36778E+18,1.36738E+18
1,1.36778E+18,1.35803E+18
1,1.36778E+18,2270959364
1,1.36778E+18,1.36657E+18
1,1.36778E+18,1.37752E+18
1,1.36778E+18,1.36929E+18
1,1.36778E+18,1.25991E+18
1,1.36849E+18,1.27496E+18
1,1.36849E+18,1.21608E+18
1,1.36849E+18,1.31994E+18
1,1.36855E+18,1.37745E+18
1,1.36875E+18,1.00134E+18
1,1.36875E+18,534790879
1,1.36875E+18,179861626
1,1.36875E+18,1.36E+18
1,1.36875E+18,1.37214E+18
1,1.36875E+18,1.35938E+18
1,1.36897E+18,1.36929E+18
1,1.36897E+18,1.35803E+18
1,1.36929E+18,1.36778E+18
1,1.36929E+18,1.37073E+18
1,1.36929E+18,1.36897E+18
1,1.37004E+18,1.37416E+18
1,1.37014E+18,564219600
1,1.37014E+18,1.31534E+18
1,1.37073E+18,57267042
1,1.37073E+18,1.36929E+18
1,1.37073E+18,215098522
1,1.37073E+18,1.35803E+18
1,1.37073E+18,1.36074E+18
1,1.37073E+18,1.32667E+18
1,1.37109E+18,2806897927
1,1.37109E+18,2646874996
1,1.37214E+18,755890603
1,1.37214E+18,1.34086E+18
1,1.37214E+18,7.81597E+17
1,1.37214E+18,1.36875E+18
1,1.37325E+18,1.25991E+18
1,1.37325E+18,1.37745E+18
1,1.37325E+18,1.31061E+18
1,1.37325E+18,1.36929E+18
1,1.37325E+18,1.32667E+18
1,1.37325E+18,1.22628E+18
1,1.37325E+18,2417849328
1,1.37325E+18,1.20339E+18
1,1.37325E+18,1.37355E+18
1,1.37325E+18,1.34086E+18
1,1.37325E+18,1.36657E+18
1,1.37355E+18,1.36929E+18
1,1.37355E+18,1.37325E+18
1,1.37355E+18,183362434
1,1.37355E+18,1.36687E+18
1,1373901266,254279303
1,1.37416E+18,1.37004E+18
1,1.37416E+18,1.36687E+18
1,1.37416E+18,1.37355E+18
1,1.37416E+18,1.37752E+18
1,1.37416E+18,26797907
1,1.37416E+18,1.37588E+18
1,1.37475E+18,8.84118E+17
1,1.37475E+18,9.61028E+17
1,1.37475E+18,9.4608E+17
1,1.37588E+18,1.37416E+18
1,1.37588E+18,1.3468E+18
1,1.37588E+18,1.36778E+18
1,1.37588E+18,1.13998E+18
1,1.37588E+18,1206041426
1,1.37588E+18,1.32667E+18
1,1.37588E+18,1.22628E+18
1,1.37588E+18,1.36738E+18
1,1.37588E+18,1.36074E+18
1,1.37588E+18,1.36687E+18
1,1.37588E+18,460968098
1,1.37588E+18,1.36349E+18
1,1.37588E+18,1.26119E+18
1,1.37588E+18,1.35959E+18
1,1.37588E+18,1.20339E+18
1,1.37588E+18,1.37699E+18
1,1.37588E+18,1.37325E+18
1,1.37588E+18,1.37752E+18
1,1.37588E+18,26797907
1,1.37615E+18,1.26556E+18
1,1.37615E+18,1.37941E+18
1,1.37699E+18,1.37588E+18
1,1.37699E+18,1.36657E+18
1,1.37699E+18,1.36074E+18
1,1.37699E+18,1.36687E+18
1,1.37752E+18,1.37416E+18
1,1.37752E+18,1.36778E+18
1,1.37752E+18,1.37588E+18
1,1.37752E+18,1.37745E+18
1,1.37752E+18,1.36929E+18
1,1.37752E+18,1.32667E+18
1,1.37752E+18,1.22628E+18
1,1.37752E+18,1.36687E+18
1,1.37752E+18,1.20339E+18
1,1.37752E+18,1.37355E+18
1,1.37752E+18,1.34086E+18
1,1.37793E+18,1.36687E+18
1,137929020,8.98991E+17
1,1384411003,842988756
1,1384411003,1402485997
1,1384411003,395349799
1,1384411003,194499127
1,1384411003,1.34351E+18
1,1384411003,1.31206E+18
1,1384411003,1.22231E+18
1,1384411003,1.08638E+18
1,1384411003,9.32935E+17
1,1386211,9.32126E+17
1,1394931644,8.07258E+17
1,1398734786,9.47532E+17
1,1402485997,1.09173E+18
1,1402485997,1.27066E+18
1,14069156,8.77918E+17
1,14142759,1.33634E+18
1,14173396,1.3237E+18
1,14173396,3070507997
1,14173396,1.29395E+18
1,1423877940,7.8881E+17
1,142529439,1.35207E+18
1,1431264253,7.0835E+17
1,1431264253,1721981778
1,1431264253,1.14146E+18
1,1431474084,9.51376E+17
1,14348298,9.71729E+17
1,14441721,9.46627E+17
1,147523003,8.07258E+17
1,1498924710,336023926
1,150159234,1.31759E+18
1,15033504,50338197
1,151106382,26797907
1,15177772,1.15366E+18
1,1523167039,2592488617
1,152678723,704708494
1,1531699093,1540996266
1,15329909,1.20451E+18
1,153903226,53143589
1,1539126318,16535687
1,15404720,1.31315E+18
1,15404720,1.15769E+18
1,15404720,7.80543E+17
1,15404720,2173143861
1,1540996266,1531699093
1,155884105,9.30238E+17
1,1559043654,9.99181E+17
1,1559043654,28670204
1,1567700198,406654240
1,157324480,560892332
1,157324480,1084984824
1,157605764,1.26211E+18
1,157605764,1.12839E+18
1,157605764,9.49188E+17
1,157605764,9.97596E+17
1,157605764,1.23559E+18
1,157605764,1.16314E+18
1,157605764,1.26317E+18
1,157605764,2881586303
1,157605764,9.8832E+17
1,157605764,1.33827E+18
1,157605764,9.49244E+17
1,157605764,1.01114E+18
1,157605764,1.24236E+18
1,157605764,1.31238E+18
1,157605764,1.24979E+18
1,157605764,1.074E+18
1,157605764,7.53629E+17
1,157675450,1.27066E+18
1,157675450,1.29687E+18
1,157675450,7.63649E+17
1,157675450,9.11959E+17
1,159954936,1.30403E+18
1,159954936,1.30574E+18
1,159954936,1.37042E+18
1,1615886408,502600440
1,1615886408,1.25991E+18
1,1615886408,1.34722E+18
1,161964466,9.98808E+17
1,162502313,9.47437E+17
1,162502313,130384095
1,1631401460,18152452
1,1631401460,1.09173E+18
1,1631401460,20554600
1,1631401460,202119411
1,1631401460,137929020
1,1631401460,110605827
1,1631401460,14897758
1,163273990,1.37217E+18
1,163664036,1463015624
1,163664036,1.31759E+18
1,16435722,596745491
1,164595203,1.35521E+18
1,164595203,1.36864E+18
1,164595203,1.34541E+18
1,164595203,1.23559E+18
1,164595203,3318085586
1,164998268,9.58442E+17
1,1651182841,1.32667E+18
1,165241607,2198495797
1,165241607,1.14007E+18
1,165241607,2742279203
1,165241607,9.20659E+17
1,16535687,1.30408E+18
1,16535687,1.26463E+18
1,16535687,9.30238E+17
1,16535687,19669153
1,16535687,1.34791E+18
1,16535687,9.51483E+17
1,16535687,1539126318
1,16535687,1.30337E+18
1,16545981,1.00355E+18
1,1656936157,8.07258E+17
1,1656936157,7.71056E+17
1,16725596,32384129
1,16725596,1559043654
1,16862817,1359688184
1,16899180,8.09244E+17
1,170516130,27738640
1,170516130,9.59608E+17
1,170516130,4744548854
1,171415738,9.51877E+17
1,1721981778,1431264253
1,172983745,1.35521E+18
1,172983745,1.27809E+18
1,172983745,66126700
1,173033375,1.29218E+18
1,173033375,1.3147E+18
1,173277360,1.34518E+18
1,17413138,1.23117E+18
1,17532775,1.02151E+18
1,17532775,12339652
1,17532775,1.37323E+18
1,17532775,1.08303E+18
1,17532775,115907231
1,17532775,2665222957
1,17889256,232957583
1,179656739,122520941
1,179656739,1.11573E+18
1,179656739,8.70306E+17
1,179861626,1.27083E+18
1,18122072,1.03566E+18
1,18122072,9.51495E+17
1,18122072,1.30732E+18
1,18152452,9.08691E+17
1,18152452,1.33663E+18
1,18152452,9.49086E+17
1,18152452,538964597
1,18152452,1.06135E+18
1,18152452,9.42184E+17
1,18152452,1.28776E+18
1,18152452,9.45486E+17
1,18152452,1.31111E+18
1,18152452,1.15149E+18
1,18152452,9.12747E+17
1,18152452,513559960
1,18152452,2753375391
1,18152452,30901808
1,18152452,76281723
1,18152452,4528248976
1,18152452,627476981
1,18152452,1.35783E+18
1,18152452,9.26443E+17
1,18152452,1.1886E+18
1,18152452,335484490
1,18152452,8.22229E+17
1,18152452,1.35492E+18
1,18152452,1.19171E+18
1,18152452,1.23898E+18
1,18152452,1.27301E+18
1,18152452,1.35373E+18
1,183362434,117550842
1,183362434,502600440
1,183362434,1.35469E+18
1,184813842,1.24894E+18
1,184813842,1.27301E+18
1,184813842,1.03944E+18
1,184813842,1.12968E+18
1,184813842,1.15826E+18
1,184813842,322286421
1,184813842,1.00218E+18
1,184813842,1.2733E+18
1,184813842,58007666
1,184813842,1.26322E+18
1,184813842,8.8674E+17
1,184813842,8.84118E+17
1,184813842,2922331025
1,184813842,1.3657E+18
1,184813842,1325431674
1,184813842,1.34102E+18
1,1867108873,1.12678E+18
1,1872117943,9.48281E+17
1,187294348,7.48526E+17
1,187294348,9.71653E+17
1,187294348,9.99588E+17
1,18761832,173033375
1,18761832,9.21785E+17
1,18761832,9.43977E+17
1,18761832,1.30771E+18
1,18761832,895329918
1,190109301,1.31061E+18
1,1906372862,9.7898E+17
1,1906372862,1.32948E+18
1,1906372862,1.25895E+18
1,191417203,1.27742E+18
1,192446249,9.08691E+17
1,192446249,1.27301E+18
1,192446249,38729611
1,192446249,1.18708E+18
1,192446249,1.30732E+18
1,192446249,1.26648E+18
1,192446249,1.23898E+18
1,192446249,1.19171E+18
1,192446249,1.11713E+18
1,192446249,1.35492E+18
1,192446249,8.22229E+17
1,192446249,9.44593E+17
1,192446249,1.13401E+18
1,192446249,9.26443E+17
1,192446249,1.05986E+18
1,192446249,3298454376
1,192446249,242151754
1,192446249,627476981
1,192446249,1.15769E+18
1,192446249,406654240
1,192446249,4528248976
1,192446249,1.18856E+18
1,192446249,7.08704E+17
1,192446249,9.17969E+17
1,192446249,1.28713E+18
1,192446249,270698032
1,192446249,2341284950
1,192446249,9.05111E+17
1,192446249,9.54837E+17
1,192446249,513559960
1,192446249,9.12747E+17
1,192446249,1.26322E+18
1,192446249,855952662
1,192446249,1.28245E+18
1,192446249,9.41994E+17
1,192446249,1.08342E+18
1,192446249,1.04243E+18
1,192446249,1.22281E+18
1,192446249,1.31111E+18
1,192446249,1.32279E+18
1,192446249,1.08905E+18
1,192446249,1.1222E+18
1,192446249,1.08428E+18
1,192446249,1.08452E+18
1,192446249,1.28776E+18
1,192446249,9.28888E+17
1,192446249,1567700198
1,192446249,9.42184E+17
1,192446249,1.06788E+18
1,192446249,469314544
1,1928045881,1.26322E+18
1,1928045881,1.27301E+18
1,19287394,1.36864E+18
1,193086374,9.11959E+17
1,193086374,27928735
1,194499127,2753375391
1,194499127,1384411003
1,19640334,1.12839E+18
1,19640334,2815149604
1,19640334,8.90021E+17
1,197714198,9.78167E+17
1,197714198,47449365
1,197714198,2241788852
1,19841658,2198495797
1,19841658,3415077141
1,19841658,1213873928
1,19841658,9.30238E+17
1,19841658,7.38293E+17
1,20004467,9.652E+17
1,20004467,2341284950
1,20066079,1.03566E+18
1,202119411,1.1953E+18
1,202119411,3114052794
1,203480711,2841276346
1,203480711,1.30516E+18
1,203480711,1.03407E+18
1,20644666,8.39625E+17
1,20912098,1.31111E+18
1,20912098,1.1844E+18
1,21071552,3388780323
1,21213803,58007666
1,21259280,9.7898E+17
1,21259280,1.32948E+18
1,21259280,22708353
1,21326475,2386492158
1,214342143,55585412
1,215098522,1.35469E+18
1,21537473,1.20451E+18
1,2162666399,2539632308
1,2162666399,77757185
1,216877746,117550842
1,216877746,8.56961E+17
1,216877746,1.28002E+18
1,216877746,8.07258E+17
1,216877746,9.49188E+17
1,216877746,9.92498E+17
1,216877746,1.1954E+18
1,216877746,581325683
1,216877746,1.35497E+18
1,216877746,1.28966E+18
1,216877746,594564076
1,216877746,1.1459E+18
1,217035219,87328334
1,2172540562,9.31954E+17
1,2172540562,242151754
1,2172540562,9.12747E+17
1,2173143861,15404720
1,2173143861,1.36237E+18
1,2173143861,2280805769
1,2191010738,8.70306E+17
1,2198495797,1.20347E+18
1,2198495797,7.38293E+17
1,2198495797,19841658
1,2198495797,115277678
1,2198495797,1213873928
1,2198495797,3415077141
1,2204806447,234154003
1,2204965955,1.29577E+18
1,22054049,17367764
1,2206539405,1.12839E+18
1,2206539405,1.074E+18
1,22119986,308899953
1,22149757,4827890056
1,2238623312,398622156
1,2252670684,19675541
1,2252670684,1.2892E+18
1,2252670684,2539632308
1,2265403950,1.35274E+18
1,2265403950,1.37941E+18
1,2268584392,1.16108E+18
1,2268584392,1.10443E+18
1,22708353,21259280
1,22708353,1.32948E+18
1,22708353,169082573
1,2278893798,55465720
1,2280805769,1.09173E+18
1,229493956,9.6145E+17
1,229493956,8.84118E+17
1,230028736,18152452
1,23006472,1.29687E+18
1,23018690,9.66265E+17
1,23018690,469314544
1,2313784188,9.71653E+17
1,2328755451,1.31315E+18
1,2328755451,539882935
1,2328755451,1.22221E+18
1,2328755451,1346206429
1,2328755451,1.29037E+18
1,232957583,17889256
1,2341284950,1.26648E+18
1,2341403496,136699524
1,234154003,7.06661E+17
1,2356812614,1.30574E+18
1,2356812614,1.34506E+18
1,2364289039,755890603
1,2364289039,8.07258E+17
1,236709875,9.85385E+17
1,236709875,1.31647E+18
1,236709875,8.45827E+17
1,2383864146,1.34351E+18
1,2383864146,1.00492E+18
1,2383864146,1.1179E+18
1,2383864146,1.37323E+18
1,2383864146,18761832
1,2384097241,1.00564E+18
1,240095290,1.33451E+18
1,240095290,1.20289E+18
1,240095290,1.33827E+18
1,240356330,1241170872
1,2414433138,1567700198
1,2414433138,15404720
1,2414433138,2263137086
1,2414433138,76281723
1,2414433138,58007666
1,2414433138,9.20659E+17
1,2414433138,44820343
1,2414433138,317992307
1,2414433138,242151754
1,2414433138,3298454376
1,2414433138,1.1886E+18
1,2414433138,1.19171E+18
1,2414433138,1.27301E+18
1,2414433138,1.30732E+18
1,2414433138,1.26648E+18
1,2414433138,1.23898E+18
1,2417849328,1.37325E+18
1,242151754,9.08691E+17
1,242151754,192446249
1,242151754,469314544
1,242151754,22800002
1,242151754,1.08428E+18
1,242151754,2172540562
1,242151754,1.08342E+18
1,242151754,9.41994E+17
1,242151754,9.59608E+17
1,242151754,4744548854
1,242151754,1.10554E+18
1,242151754,426277984
1,242151754,52039307
1,242151754,8.50003E+17
1,242151754,3298454376
1,2429886117,1.37268E+18
1,243135827,32384129
1,243135827,9.80096E+17
1,2448527677,8.07258E+17
1,245639333,1.37122E+18
1,2467272554,1.26004E+18
1,2470000940,1.30255E+18
1,2470000940,1.23737E+18
1,2470000940,1.31364E+18
1,2470000940,1.30258E+18
1,2470000940,1.23069E+18
1,2470000940,2356812614
1,2470000940,1.34506E+18
1,2470000940,1.25406E+18
1,2470000940,1.29386E+18
1,2470000940,1.29421E+18
1,2470000940,1.33848E+18
1,2470000940,1.30574E+18
1,2470000940,1.34506E+18
1,2470000940,1.29471E+18
1,2470000940,1.34506E+18
1,2476948563,9.20659E+17
1,2478831440,1.28002E+18
1,24821879,1.33663E+18
1,24823204,9.01059E+17
1,24846824,1.36161E+18
1,24846824,138245983
1,2503547378,1.35674E+18
1,2503547378,9.14248E+17
1,2503547378,9.99588E+17
1,2503547378,8.45195E+17
1,2503547378,9.35265E+17
1,2503547378,426277984
1,251945720,1.31111E+18
1,251945720,1.36237E+18
1,253585382,1.34821E+18
1,253585382,1.1934E+18
1,2538082935,8.07258E+17
1,2539632308,2162666399
1,2539632308,2252670684
1,2539632308,9.14442E+17
1,2539632308,9.37753E+17
1,2539632308,9.64652E+17
1,2539632308,9.4563E+17
1,2539632308,2780558549
1,2539632308,1.11713E+18
1,2540056898,1.34448E+18
1,2540056898,1.35829E+18
1,2540056898,7.64563E+17
1,254279303,1373901266
1,2559005541,1.23012E+18
1,2559005541,1.37941E+18
1,257644079,70183578
1,2591386356,1.35274E+18
1,2592488617,1523167039
1,25949466,9.88993E+17
1,25949466,1.31206E+18
1,259703516,1.26622E+18
1,260079722,9.47159E+17
1,260087947,3023360911
1,260087947,28670204
1,2615972152,1.3657E+18
1,2615972152,1.22452E+18
1,2615972152,1.18856E+18
1,2615972152,1.15769E+18
1,2615972152,1.09173E+18
1,2617786477,8.92376E+17
1,26254854,9.7898E+17
1,26254854,169082573
1,26254854,22708353
1,2638771786,362418801
1,264085436,9.08691E+17
1,264085436,1.33663E+18
1,264085436,538964597
1,264085436,1.06788E+18
1,264085436,1.28776E+18
1,264085436,1.3657E+18
1,264085436,1.04331E+18
1,264085436,1.26648E+18
1,264085436,1.19171E+18
1,264085436,1.15826E+18
1,264085436,1.35492E+18
1,264085436,1.35783E+18
1,264085436,230028736
1,264085436,2341284950
1,264085436,9.54837E+17
1,264085436,1.28245E+18
1,264085436,1.22281E+18
1,264085436,1.36237E+18
1,2645449265,1.11096E+18
1,2646874996,2806897927
1,2664768119,9.46846E+17
1,2664768119,4071006503
1,2664768119,91877344
1,2664768119,9.69079E+17
1,2664768119,87472789
1,2665222957,17532775
1,266814956,4071006503
1,2668541539,9.50442E+17
1,2668541539,1.01114E+18
1,2668541539,1.11016E+18
1,2668541539,1.14997E+18
1,2668541539,9.00741E+17
1,2668541539,1.32279E+18
1,2670917924,7.87954E+17
1,26797907,1.37416E+18
1,26797907,1.13998E+18
1,26797907,183362434
1,26797907,1.24028E+18
1,269149617,9.71729E+17
1,270698032,1.33663E+18
1,270698032,192446249
1,270698032,38729611
1,270698032,1.35373E+18
1,270698032,1.35492E+18
1,270698032,9.30238E+17
1,2742279203,3332761755
1,2742279203,1.1222E+18
1,2742279203,165241607
1,2742279203,162502313
1,2742279203,1.20664E+18
1,2742279203,1.30824E+18
1,274685249,1.26266E+18
1,2753375391,9.08691E+17
1,2753375391,128051393
1,2753375391,9.66265E+17
1,2753375391,1.24244E+18
1,2753375391,7.14813E+17
1,2753375391,1.04243E+18
1,2753375391,7.33809E+17
1,2753375391,105500699
1,2753375391,4744548854
1,2753375391,230028736
1,2754243826,1.15027E+18
1,2760035773,9.44837E+17
1,2766988203,1.26845E+18
1,27738640,170516130
1,2775908668,1.26454E+18
1,2780558549,1.35302E+18
1,2780558549,87472789
1,2780558549,1.28436E+18
1,2780558549,1.08905E+18
1,2780558549,3183848149
1,2780558549,2742279203
1,2780558549,1.32948E+18
1,2780558549,1.21328E+18
1,2780558549,8.00433E+17
1,2780558549,617490873
1,2780558549,2539632308
1,2781202710,9.47159E+17
1,2781202710,7.89691E+17
1,27854693,1.36612E+18
1,279998036,1.32336E+18
1,2806897927,1.37109E+18
1,2806897927,2646874996
1,2806897927,4860829450
1,281792077,91877344
1,2818030046,15115218
1,2823888746,7.69619E+17
1,2841276346,9.43544E+17
1,2841276346,1.24322E+18
1,2864162535,8.82249E+17
1,286442602,9.13946E+17
1,286442602,509319582
1,286442602,9.93045E+17
1,286442602,23006472
1,2865340965,1.2482E+18
1,2873955731,9.05111E+17
1,2873955731,9.78128E+17
1,2880037377,104690576
1,2880037377,1.35783E+18
1,2881586303,157605764
1,2892991843,1.17228E+18
1,2922112649,8.4101E+17
1,2922112649,7.14813E+17
1,2922112649,1.25108E+18
1,2922112649,228878983
1,2922331025,1.32621E+18
1,2922331025,1.29249E+18
1,2922331025,1.17758E+18
1,2922331025,1.25937E+18
1,2922331025,9.52558E+17
1,2965461610,2386492158
1,2965461610,8.44115E+17
1,2965461610,7.81597E+17
1,298635447,1.13998E+18
1,298635447,578380018
1,30047971,468185456
1,30047971,3623915954
1,30056683,9.43544E+17
1,30056683,1.13799E+18
1,30056683,9.39307E+17
1,30056683,1.30516E+18
1,30062488,162502313
1,301209655,425318685
1,3024469779,9.88993E+17
1,3024469779,1.08638E+18
1,3024469779,4666179488
1,303066485,1.20347E+18
1,303066485,87328334
1,3038412281,1.02139E+18
1,3058020040,9.61038E+17
1,30609306,8.45827E+17
1,308899953,22119986
1,30901808,70183578
1,3096963855,3419788504
1,3096963855,7.96335E+17
1,3114052794,1.18856E+18
1,31146970,1.074E+18
1,31163706,1.29677E+18
1,31163706,9.51483E+17
1,3135666467,1.31534E+18
1,3135666467,1.37692E+18
1,313773946,2892991843
1,313773946,1.17228E+18
1,31570847,9.30238E+17
1,315891651,378625573
1,315891651,1.04331E+18
1,315891651,1.08905E+18
1,315891651,1.1844E+18
1,315891651,1.22281E+18
1,315891651,1.26322E+18
1,315891651,1.18708E+18
1,315891651,1.30732E+18
1,315891651,1.26648E+18
1,315891651,1.18856E+18
1,315891651,1.28713E+18
1,315891651,270698032
1,315891651,1.20364E+18
1,3163266804,1.24894E+18
1,3163266804,9.48281E+17
1,3163266804,1402485997
1,3163266804,339544187
1,3163266804,9.8832E+17
1,3183848149,87472789
1,3183848149,17002351
1,3183848149,2780558549
1,3183848149,1.17945E+18
1,3183848149,1.28828E+18
1,3195889007,1.00616E+18
1,322131176,1.33786E+18
1,322131176,1.34297E+18
1,322286421,184813842
1,322286421,1.03407E+18
1,325870135,1.27243E+18
1,326051822,1.37745E+18
1,326796537,411661117
1,3268838984,1.20451E+18
1,3268838984,1.35469E+18
1,3268838984,9.13946E+17
1,3268838984,1.36175E+18
1,3268838984,460968098
1,3268838984,1.3595E+18
1,3273862718,1.30457E+18
1,3284423738,1051409982
1,3284784283,7.69619E+17
1,3284784283,1.34568E+18
1,3284784283,900265802
1,3284784283,1.34541E+18
1,3284784283,1.3147E+18
1,32885445,1.25842E+18
1,329029719,20066079
1,3293969369,381159353
1,3303696772,1.36221E+18
1,3307318595,67123562
1,3307318595,1.23999E+18
1,3307318595,9.52595E+17
1,3307318595,1.05256E+18
1,331146747,1.37042E+18
1,3318085586,164595203
1,3332761755,9.63976E+17
1,3332761755,2742279203
1,333726113,1.35519E+18
1,333726113,1.06216E+18
1,3339239405,1.33827E+18
1,3339239405,1.33451E+18
1,3344586328,1.26317E+18
1,334623243,19216818
1,334623243,4881139042
1,334623243,1.2482E+18
1,334623243,1.12678E+18
1,334623243,484207932
1,334623243,2880037377
1,334623243,1.02866E+18
1,334623243,1.28123E+18
1,334623243,9.43977E+17
1,334623243,855952662
1,334623243,1.1844E+18
1,334623243,1.03596E+18
1,334660734,1.36161E+18
1,334660734,4777383375
1,334660734,9.45397E+17
1,3348565750,9.08691E+17
1,3348565750,1.28245E+18
1,3348565750,1.1411E+18
1,335484490,18152452
1,336023926,1.32948E+18
1,336023926,1498924710
1,3370477240,2668541539
1,3372411574,1.1934E+18
1,3388780323,1.35492E+18
1,339544187,1.12839E+18
1,339544187,9.40836E+17
1,339544187,1.24244E+18
1,339544187,8.92376E+17
1,339544187,19640334
1,339544187,1.17761E+18
1,339544187,9.45397E+17
1,339544187,9.63254E+17
1,339544187,120111839
1,3415077141,1.20347E+18
1,3415077141,2198495797
1,3415077141,19841658
1,3415077141,1213873928
1,3444110417,9.04612E+17
1,3444110417,1.11781E+18
1,345181084,1.346E+18
1,34609862,300735360
1,34609862,1.14997E+18
1,349738807,1.29218E+18
1,349738807,1.3147E+18
1,351038866,1.26107E+18
1,351038866,1218147452
1,351038866,9.34097E+17
1,351038866,1.24943E+18
1,351038866,2939933507
1,35157947,9.94787E+17
1,35239985,71819987
1,3547970067,104119607
1,35573524,1.31759E+18
1,356267122,7.24403E+17
1,357603259,9.8984E+17
1,358613542,1.23898E+18
1,362342072,8.07258E+17
1,362418801,2638771786
1,3627765012,1.21304E+18
1,3627765012,1.05608E+18
1,3627765012,1.07887E+18
1,363710550,62108806
1,365837262,1.20206E+18
1,365837262,87472789
1,365837262,1.08452E+18
1,365837262,1.1222E+18
1,365837262,1.27424E+18
1,365837262,1536594337
1,365837262,240095290
1,365837262,1.33451E+18
1,366703037,120288669
1,3686828722,1.02553E+18
1,3686828722,1.19015E+18
1,376134587,1.36221E+18
1,378625573,3058020040
1,378625573,9.64652E+17
1,378625573,315891651
1,380385797,1.23012E+18
1,380385797,8.07258E+17
1,380385797,1.29037E+18
1,380385797,1.37941E+18
1,381417800,1.37941E+18
1,3833297123,1.33313E+18
1,384636725,62690915
1,38729611,192446249
1,38729611,9.42184E+17
1,38729611,270698032
1,38729611,7.80543E+17
1,38729611,1.35492E+18
1,38729611,1.19171E+18
1,38729611,1.23898E+18
1,38729611,1.27301E+18
1,388726007,1.24714E+18
1,3889164357,9.35265E+17
1,38944750,245091513
1,38944750,842988756
1,38944750,295272896
1,38944750,40614474
1,38944750,2337724718
1,38944750,1.31206E+18
1,390118453,1.36517E+18
1,391187727,9.52595E+17
1,3929161,1.013E+18
1,395349799,1.22231E+18
1,395349799,295272896
1,395349799,3024469779
1,395349799,9.32935E+17
1,398794375,1.20664E+18
1,404872138,1.36161E+18
1,40614474,9.12747E+17
1,406467105,1.29056E+18
1,406467105,9.98985E+17
1,406467105,9.00232E+17
1,406654240,9.49086E+17
1,406654240,1567700198
1,406654240,1.08428E+18
1,406654240,1.36237E+18
1,406654240,1.28245E+18
1,406654240,1.17178E+18
1,406654240,1.18856E+18
1,406654240,9.37753E+17
1,406654240,4528248976
1,406654240,44820343
1,406654240,1.19171E+18
1,406654240,1.35492E+18
1,406654240,1.13401E+18
1,4071006503,1.346E+18
1,4071006503,1.15027E+18
1,4071006503,1291076396
1,407738637,1.30395E+18
1,409427707,9.30238E+17
1,41343510,53143589
1,414209774,632202921
1,414209774,1.353E+18
1,414803551,1.30838E+18
1,414803551,1.33313E+18
1,414803551,1.27043E+18
1,415196848,1.27321E+18
1,416747967,1.21303E+18
1,417340229,1.26454E+18
1,420710798,1.33066E+18
1,420710798,1.33772E+18
1,420710798,1.25418E+18
1,420710798,2922331025
1,420710798,60316183
1,420710798,1.25937E+18
1,420710798,1.34297E+18
1,420710798,1.24147E+18
1,420710798,1.34768E+18
1,420710798,1.26119E+18
1,420710798,1.28392E+18
1,420710798,1.30015E+18
1,420710798,279998036
1,420710798,1.03542E+18
1,420710798,1.2733E+18
1,420710798,1.13043E+18
1,420710798,1.35204E+18
1,420710798,1.17945E+18
1,420710798,1.17758E+18
1,420710798,9.45379E+17
1,4239143413,1.04331E+18
1,4239143413,1.08428E+18
1,4239143413,1.27301E+18
1,4239143413,9.59608E+17
1,4239143413,1.08152E+18
1,425318685,301209655
1,432652724,1.28436E+18
1,434370600,1.29527E+18
1,4351307654,1.37941E+18
1,435746974,157324480
1,4380328392,1.27342E+18
1,4386783615,8.35887E+17
1,440644496,1.29249E+18
1,447519445,2172540562
1,44820343,1.33663E+18
1,44820343,545442771
1,44820343,1567700198
1,44820343,1.34102E+18
1,44820343,1.28776E+18
1,44820343,1325431674
1,44820343,104690576
1,44820343,1.31111E+18
1,44820343,1.36237E+18
1,44820343,1.08303E+18
1,44820343,1.22281E+18
1,44820343,1.26322E+18
1,44820343,1.33634E+18
1,44820343,9.54837E+17
1,44820343,9.71729E+17
1,44820343,1.28713E+18
1,44820343,1.18856E+18
1,44820343,88744163
1,44820343,7.80543E+17
1,44820343,1.27301E+18
1,44820343,1.30732E+18
1,44820343,1.23898E+18
1,44820343,1.35492E+18
1,44820343,1.13401E+18
1,44820343,9.26443E+17
1,44820343,426277984
1,44820343,406654240
1,449268231,7.0835E+17
1,45048443,9.80096E+17
1,4528248976,1.33663E+18
1,4528248976,538964597
1,4528248976,1.3657E+18
1,4528248976,9.45486E+17
1,4528248976,1.08428E+18
1,4528248976,1.26322E+18
1,4528248976,1.27301E+18
1,4528248976,1.35373E+18
1,4528248976,18152452
1,4528248976,1.18708E+18
1,4528248976,1.23898E+18
1,4528248976,1.35492E+18
1,4528248976,9.44593E+17
1,4528248976,9.26443E+17
1,4528248976,1.15769E+18
1,460968098,3268838984
1,460968098,1.13998E+18
1,460968098,1.31061E+18
1,460968098,215098522
1,460968098,1.35959E+18
1,460968098,11774
1,460968098,1.37002E+18
1,46624887,1.10838E+18
1,46624887,1.17228E+18
1,4666179488,1.00754E+18
1,46770271,1.22452E+18
1,468022281,596745491
1,468022281,1.11129E+18
1,468022281,1.25623E+18
1,468022281,548342907
1,468022281,1.24213E+18
1,468022281,6.98614E+17
1,468022281,91473252
1,468185456,1.0234E+18
1,469314544,2337724718
1,47110856,1206041426
1,47110856,617490873
1,47110856,1.353E+18
1,47110856,1.3237E+18
1,47395300,9.04612E+17
1,47395300,9.44837E+17
1,47395300,1.11781E+18
1,47395300,1.25923E+18
1,47449365,197714198
1,47527429,7.4467E+17
1,47527429,1.01622E+18
1,47527429,1.1319E+18
1,476613553,1.33313E+18
1,478935878,2220175646
1,4789548912,8.49705E+17
1,480717665,1.36292E+18
1,4827890056,2198495797
1,4827890056,1.17646E+18
1,4827890056,1.1934E+18
1,4827890056,1.289E+18
1,4827890056,2443257276
1,4827890056,22149757
1,4827890056,350703561
1,4827890056,2173143861
1,4827890056,157675450
1,4827890056,50879493
1,4827890056,1.18856E+18
1,4827890056,2312796378
1,4827890056,9.01266E+17
1,4827890056,1.09926E+18
1,484207932,8.61436E+17
1,484207932,30977026
1,48438207,91473252
1,48438207,6.98614E+17
1,48438207,1.1485E+18
1,48438207,1.25623E+18
1,485379264,2559005541
1,4860829450,2806897927
1,4892348789,1463008550
1,4892348789,34609862
1,4892348789,509319582
1,491472688,233282973
1,49173812,7.14813E+17
1,494137810,7.0835E+17
1,495570762,9.44593E+17
1,50394315,8.1723E+17
1,50394315,21259280
1,508043072,1.33663E+18
1,508043072,1.08342E+18
1,508043072,1.18856E+18
1,508043072,1.26648E+18
1,508043072,1.35492E+18
1,508043072,426277984
1,509319582,1.36778E+18
1,509319582,286442602
1,509319582,4892348789
1,510805003,1.26648E+18
1,513559960,192446249
1,513559960,1.28776E+18
1,513559960,1.22281E+18
1,513559960,1.28245E+18
1,513559960,1.27301E+18
1,513559960,1.35373E+18
1,513559960,18152452
1,513559960,1.10868E+18
1,513559960,8.22229E+17
1,513559960,2337724718
1,513559960,426277984
1,513559960,4528248976
1,513559960,1.30622E+18
1,528983483,1.31357E+18
1,53143589,469314544
1,53143589,1068355627
1,53143589,1.1844E+18
1,53143589,1.25108E+18
1,53143589,9.41994E+17
1,53143589,9.59608E+17
1,53143589,43301547
1,53143589,1.10554E+18
1,53143589,3298454376
1,53143589,2280805769
1,53143589,153903226
1,53143589,1.09173E+18
1,53143589,2337724718
1,53143589,1.27329E+18
1,53143589,1.18708E+18
1,53143589,1.30732E+18
1,538964597,18152452
1,538964597,1.35492E+18
1,538964597,17532775
1,538964597,1.15769E+18
1,538964597,9.64652E+17
1,538964597,4528248976
1,538964597,485248169
1,538964597,1.15149E+18
1,538964597,1.3657E+18
1,539372253,1.23293E+18
1,539372253,7.6729E+17
1,539372253,1.23127E+18
1,539882935,1.36161E+18
1,539882935,1.11781E+18
1,548342907,1.20206E+18
1,548342907,1.11129E+18
1,548342907,9.73588E+17
1,548342907,468022281
1,548342907,91473252
1,548342907,6.98614E+17
1,548342907,1.24213E+18
1,55449569,1.3315E+18
1,55465720,2278893798
1,55585412,214342143
1,55585412,1.18633E+18
1,55585412,1.03005E+18
1,55585412,1.1866E+18
1,55585412,2227519243
1,560892332,1.074E+18
1,560892332,1.27243E+18
1,570064029,8.1723E+17
1,57039408,9.66265E+17
1,57039408,1.24458E+18
1,572098125,7.35966E+17
1,58007666,1314952094
1,58007666,21213803
1,58018875,1.37941E+18
1,581325683,8.56961E+17
1,581325683,9.49188E+17
1,583358541,511797386
1,583358541,1.24446E+18
1,589569762,1.08452E+18
1,594564076,1.35302E+18
1,594564076,216877746
1,596745491,1.34769E+18
1,617490873,3415077141
1,617490873,1.04243E+18
1,62108806,30977026
1,62690915,384636725
1,627476981,9.42184E+17
1,627476981,1.04331E+18
1,627476981,1.23898E+18
1,627476981,1.19171E+18
1,632202921,1.353E+18
1,66126700,172983745
1,66126700,7.61528E+17
1,68319605,8.4101E+17
1,6.98614E+17,596745491
1,6.98614E+17,8.38073E+17
1,6.98614E+17,9.48285E+17
1,6.98614E+17,1.25623E+18
1,6.98614E+17,548342907
1,6.98614E+17,1.24213E+18
1,6.98614E+17,468022281
1,6.98614E+17,8.92376E+17
1,6.98614E+17,91473252
1,7.00473E+17,4001539815
1,7.02604E+17,1.16814E+18
1,704708494,35573524
1,704708494,16535687
1,704708494,152678723
1,704708494,17532775
1,704708494,6.98614E+17
1,704708494,964372705
1,704708494,9.82214E+17
1,7.04778E+17,1.00052E+18
1,7.06661E+17,234154003
1,7.0835E+17,494137810
1,7.0835E+17,18190227
1,7.0835E+17,313371249
1,7.0835E+17,1431264253
1,7.0835E+17,2541880202
1,7.0835E+17,449268231
1,7.08704E+17,192446249
1,7.09746E+17,2817123964
1,71315561,17019970
1,7.14813E+17,1402485997
1,7.14813E+17,9.37753E+17
1,7.19557E+17,9.32126E+17
1,7.19557E+17,1068355627
1,72353726,7.14813E+17
1,723970656,9.49231E+17
1,723970656,1.2733E+18
1,723970656,9.16439E+17
1,7.24403E+17,356267122
1,7.25061E+17,161590330
1,7.26495E+17,14570995
1,7.31901E+17,47395300
1,7.31901E+17,9.25002E+17
1,7.31901E+17,2760035773
1,7.31901E+17,3114052794
1,7.31901E+17,9.44837E+17
1,7.33809E+17,70183578
1,7.33809E+17,2753375391
1,7.33809E+17,1.15769E+18
1,7.34434E+17,7.81597E+17
1,7.38293E+17,19841658
1,7.38551E+17,1.30258E+18
1,7.38551E+17,1.3315E+18
1,7.38551E+17,1.27426E+18
1,73999352,9.94443E+17
1,7.4467E+17,900265802
1,7.4467E+17,1.24387E+18
1,7.4467E+17,1.30408E+18
1,7.4467E+17,1.25257E+18
1,7.4467E+17,1.11846E+18
1,7.4467E+17,47527429
1,7.4467E+17,30047971
1,7.45705E+17,2241788852
1,7.46783E+17,1.09726E+18
1,7.50318E+17,1.29612E+18
1,7.50318E+17,8.53836E+17
1,7.52342E+17,1.07551E+18
1,758947081,1.17178E+18
1,758947081,1.11096E+18
1,7.61528E+17,1.27809E+18
1,7.61528E+17,66126700
1,7.61528E+17,9.45397E+17
1,76281723,18152452
1,76281723,9.26443E+17
1,7.66352E+17,1.04824E+18
1,7.66352E+17,1.00754E+18
1,7.6729E+17,1.23069E+18
1,7.6729E+17,539372253
1,7.6729E+17,85564644
1,7.6729E+17,1.2559E+18
1,7.6729E+17,9.39307E+17
1,7.6729E+17,1615886408
1,767442764,1.14997E+18
1,7.67931E+17,7.71056E+17
1,7.67931E+17,1.36969E+18
1,7.67931E+17,8.07258E+17
1,7.69619E+17,2823888746
1,7.69619E+17,3284784283
1,7.69619E+17,1.34568E+18
1,7.71056E+17,4777383375
1,7.74188E+17,1.35461E+18
1,7.75777E+17,1.32506E+18
1,77757185,1.34448E+18
1,77757185,887829151
1,7.80543E+17,1.28776E+18
1,7.80543E+17,1.3657E+18
1,7.80543E+17,9.54837E+17
1,7.80543E+17,38729611
1,7.80543E+17,1.26648E+18
1,7.80543E+17,9.44593E+17
1,7.80543E+17,1.35783E+18
1,7.80543E+17,1.30824E+18
1,78139709,1.25923E+18
1,7.81597E+17,2965461610
1,7.81597E+17,1.35938E+18
1,7.81597E+17,8.48361E+17
1,7.81597E+17,221241777
1,7.87954E+17,1.13485E+18
1,78813002,77380160
1,7.88776E+17,1.13846E+18
1,7.8881E+17,1.13058E+18
1,7.8881E+17,1423877940
1,7.89691E+17,1.26211E+18
1,7.89691E+17,7.82976E+17
1,7.91894E+17,1.1485E+18
1,8.06605E+17,1213873928
1,8.06605E+17,189901822
1,8.06605E+17,469314544
1,8.06605E+17,1.08905E+18
1,8.06605E+17,9.52558E+17
1,8.06605E+17,30047971
1,8.06605E+17,345181084
1,8.06605E+17,1.11096E+18
1,8.07258E+17,245091513
1,8.07258E+17,7.14491E+17
1,8.08117E+17,487437535
1,8.09244E+17,16899180
1,8.14137E+17,1.28184E+18
1,81671765,1.30824E+18
1,8.1723E+17,1177439730
1,8.1723E+17,50394315
1,8.1723E+17,570064029
1,81836528,1.33663E+18
1,81836528,1.20364E+18
1,81836528,18152452
1,81836528,1.35492E+18
1,81836528,8.22229E+17
1,81836528,1.20376E+18
1,81836528,2880037377
1,81836528,1.29395E+18
1,81836528,1.15769E+18
1,81836528,9.51495E+17
1,8.18713E+17,7.64563E+17
1,8.22229E+17,81836528
1,8.22229E+17,9.51495E+17
1,8.22229E+17,20066079
1,8.22229E+17,7.33809E+17
1,8.22229E+17,1.26648E+18
1,8.22486E+17,9.88509E+17
1,82257345,2853639688
1,8.25754E+17,1.0246E+18
1,8.28043E+17,9.51702E+17
1,8.29722E+17,1.34768E+18
1,8.31395E+17,1.35938E+18
1,8.31395E+17,1.36017E+18
1,8.31395E+17,1.35461E+18
1,8.31395E+17,1.34086E+18
1,8.31395E+17,1.35519E+18
1,8.31395E+17,1.34649E+18
1,8.31395E+17,1.35842E+18
1,8.35887E+17,4386783615
1,8.39623E+17,1.05069E+18
1,8.39625E+17,20644666
1,8.4101E+17,68319605
1,842988756,295272896
1,8.44115E+17,1.25937E+18
1,8.44115E+17,7.59051E+17
1,8.45827E+17,236709875
1,8.45827E+17,8.63048E+17
1,8.45827E+17,30609306
1,8.46492E+17,102700779
1,8483002,1.1844E+18
1,8.48361E+17,8.07258E+17
1,8.49268E+17,1.08123E+18
1,8.49268E+17,9.49244E+17
1,8.49268E+17,1.21466E+18
1,8.49268E+17,8.70744E+17
1,8.49268E+17,1.27033E+18
1,8.49268E+17,9.50495E+17
1,8.49705E+17,7.80543E+17
1,8.49705E+17,2873955731
1,8.49705E+17,4789548912
1,8.50003E+17,9.66265E+17
1,8.50003E+17,1.27066E+18
1,85564644,1.144E+18
1,855952662,1.33663E+18
1,855952662,192446249
1,855952662,334623243
1,855952662,1.01536E+18
1,855952662,1.08152E+18
1,855952662,9.54837E+17
1,8.56961E+17,117550842
1,8.56961E+17,581325683
1,8.56961E+17,443073989
1,8.56961E+17,216877746
1,8.56961E+17,9.49188E+17
1,8.58651E+17,1.28342E+18
1,859586149,9.46038E+17
1,859586149,47527429
1,8.61436E+17,1.33506E+18
1,8.61436E+17,2191010738
1,8.63048E+17,8.45827E+17
1,8.6741E+17,1.3657E+18
1,8.70306E+17,9.88509E+17
1,8.70306E+17,162502313
1,8.70306E+17,1.12968E+18
1,8.70306E+17,1.00931E+18
1,8.70306E+17,1.11573E+18
1,8.70306E+17,2191010738
1,8.70744E+17,8.49268E+17
1,8.70744E+17,9.49244E+17
1,8.72828E+17,9.20659E+17
1,8.72973E+17,9.55295E+17
1,8.72973E+17,2753375391
1,87472789,2664768119
1,87472789,1159890631
1,87493194,1.01046E+18
1,8.7708E+17,8.72466E+17
1,8.82249E+17,2864162535
1,8.82249E+17,1.30824E+18
1,8.82249E+17,1.25884E+18
1,8.84118E+17,184813842
1,8.84839E+17,1.28184E+18
1,8.84839E+17,1.00218E+18
1,8.87231E+17,9.16439E+17
1,88744163,2873955731
1,88744163,16725596
1,88744163,9.43544E+17
1,88744163,1.29395E+18
1,88744163,43301547
1,887829151,1.32871E+18
1,89101195,1.1319E+18
1,89101195,978776468
1,8.91237E+17,8.9124E+17
1,8.9124E+17,8.91237E+17
1,895329918,1.25937E+18
1,8.98477E+17,9.65865E+17
1,8.98991E+17,137929020
1,9.00232E+17,1.37578E+18
1,9.00232E+17,9.78242E+17
1,9.00232E+17,406467105
1,9.00232E+17,1.37475E+18
1,9.00232E+17,1.00852E+18
1,9.00639E+17,1.28159E+18
1,9.00639E+17,1.22371E+18
1,9.00741E+17,1.04243E+18
1,9.00741E+17,1.30732E+18
1,9.00741E+17,1.27329E+18
1,9.00741E+17,1.13401E+18
1,9.00741E+17,2880037377
1,9.01059E+17,24823204
1,9.05111E+17,1.346E+18
1,9.05111E+17,2873955731
1,9.05111E+17,9.42184E+17
1,9.05111E+17,1.04243E+18
1,9.05111E+17,1.08342E+18
1,9.05111E+17,130384095
1,9.05111E+17,1.19171E+18
1,9.05111E+17,3114052794
1,9.05111E+17,9.37753E+17
1,90648099,1.36661E+18
1,9.08691E+17,18152452
1,9.08691E+17,1.30732E+18
1,9.08691E+17,1.23898E+18
1,9.08691E+17,1291076396
1,9.08691E+17,8.22229E+17
1,9.08691E+17,1.1886E+18
1,9.08691E+17,1.13401E+18
1,9.08691E+17,9.26443E+17
1,9.08691E+17,1536594337
1,9.08691E+17,702303373
1,9.08691E+17,242151754
1,9.08691E+17,426277984
1,9.08691E+17,627476981
1,9.08691E+17,1.15769E+18
1,9.08691E+17,406654240
1,9.08691E+17,9.64652E+17
1,9.08691E+17,1.28713E+18
1,9.08691E+17,2753375391
1,9.08691E+17,260087947
1,9.08691E+17,9.54837E+17
1,9.08691E+17,1.26322E+18
1,9.08691E+17,1.28245E+18
1,9.08691E+17,9.41994E+17
1,9.08691E+17,1.22281E+18
1,9.08691E+17,1.32279E+18
1,9.08691E+17,264085436
1,9.08691E+17,7.14813E+17
1,9.08691E+17,1.08428E+18
1,9.08691E+17,1.04331E+18
1,9.08691E+17,1.28776E+18
1,9.08691E+17,1.06135E+18
1,9.08691E+17,469314544
1,9.08691E+17,3348565750
1,9.08691E+17,192446249
1,9.08691E+17,1.33663E+18
1,9.1043E+17,1.27043E+18
1,9.11959E+17,193086374
1,9.11959E+17,1.11781E+18
1,9.12074E+17,1567700198
1,9.12074E+17,1.20364E+18
1,9.12074E+17,1.15149E+18
1,9.12747E+17,1.33663E+18
1,9.12747E+17,1.26648E+18
1,9.12747E+17,1.13401E+18
1,9.12747E+17,9.26443E+17
1,9.12747E+17,3114052794
1,9.13082E+17,9.51483E+17
1,9.13082E+17,9.32935E+17
1,9.13082E+17,3024469779
1,9.13082E+17,234154003
1,9.13082E+17,1.17761E+18
1,9.13375E+17,1.05267E+18
1,9.13946E+17,3268838984
1,9.13946E+17,286442602
1,9.13946E+17,1.34506E+18
1,9.13946E+17,1.34793E+18
1,9.13946E+17,1.30574E+18
1,9.13946E+17,1.36175E+18
1,9.13946E+17,1.33848E+18
1,9.13946E+17,1.013E+18
1,9.14248E+17,1.16986E+18
1,9.14248E+17,1.25257E+18
1,9.14248E+17,2503547378
1,9.14442E+17,9.31954E+17
1,9.14442E+17,8.8674E+17
1,9.14442E+17,1.24147E+18
1,9.14442E+17,2539632308
1,91473252,48438207
1,91473252,1.20206E+18
1,91473252,1.11129E+18
1,91473252,9.48285E+17
1,91473252,9.73588E+17
1,91473252,1.24213E+18
1,91473252,6.98614E+17
1,91473252,468022281
1,9.14761E+17,51809476
1,9.16439E+17,9.78128E+17
1,9.16439E+17,723970656
1,9.16439E+17,14357093
1,9.16439E+17,170516130
1,9.17505E+17,30062488
1,9.17505E+17,315891651
1,9.17505E+17,1.30732E+18
1,9.17505E+17,1.18051E+18
1,9.17505E+17,9.59608E+17
1,9.17969E+17,1.13483E+18
1,9.17969E+17,2880037377
1,91877344,2664768119
1,9.20659E+17,9.31954E+17
1,9.20659E+17,2476948563
1,9.20659E+17,538964597
1,9.20659E+17,1.28245E+18
1,9.20659E+17,165241607
1,9.20659E+17,1.19171E+18
1,9.20659E+17,1.20664E+18
1,9.20659E+17,1.05986E+18
1,9.20659E+17,8.72828E+17
1,9.21785E+17,1.0246E+18
1,9.21785E+17,1.14146E+18
1,9.22477E+17,1.08342E+18
1,9.22477E+17,2337724718
1,9.22477E+17,67048579
1,9.24158E+17,1.0246E+18
1,9.26443E+17,1.33663E+18
1,9.26443E+17,1.06135E+18
1,9.26443E+17,1.06788E+18
1,9.26443E+17,1.34102E+18
1,9.26443E+17,1.28776E+18
1,9.26443E+17,1.3657E+18
1,9.26443E+17,1.04331E+18
1,9.26443E+17,1.22281E+18
1,9.26443E+17,9.54837E+17
1,9.26443E+17,1.20364E+18
1,9.26443E+17,1.28713E+18
1,9.26443E+17,3114052794
1,9.26443E+17,4528248976
1,9.26443E+17,44820343
1,9.26443E+17,1.32948E+18
1,9.26443E+17,627476981
1,9.26443E+17,18152452
1,9.26443E+17,1.26648E+18
1,9.26443E+17,1.35373E+18
1,9.26443E+17,9.44593E+17
1,9.26443E+17,1.13401E+18
1,9.28888E+17,192446249
1,9.30238E+17,2227519243
1,9.30238E+17,1.31111E+18
1,9.30238E+17,110605827
1,9.30238E+17,1.24943E+18
1,9.30238E+17,1.1866E+18
1,9.31954E+17,1.00995E+18
1,9.31954E+17,1.17178E+18
1,9.31954E+17,1.03545E+18
1,9.32126E+17,1386211
1,9.32126E+17,7.19557E+17
1,9.32935E+17,1.32279E+18
1,9.32935E+17,1384411003
1,9.33191E+17,1.1546E+18
1,9.33476E+17,2922331025
1,9.33476E+17,895329918
1,9.33476E+17,8.44115E+17
1,9.33476E+17,1.17758E+18
1,9.34871E+17,1.22371E+18
1,9.34871E+17,1.34541E+18
1,9.34871E+17,9.69079E+17
1,9.34871E+17,1.08921E+18
1,9.34871E+17,9.61817E+17
1,9.34871E+17,1.1886E+18
1,9.34871E+17,1.3147E+18
1,9.35265E+17,1.24894E+18
1,9.35265E+17,1.35674E+18
1,9.35265E+17,9.49051E+17
1,9.35265E+17,1.35597E+18
1,9.35265E+17,3889164357
1,9.35265E+17,9.78242E+17
1,9.35265E+17,1.27877E+18
1,9.35265E+17,1.28105E+18
1,9.35265E+17,2503547378
1,9.35265E+17,9.51666E+17
1,9.35265E+17,21213803
1,9.35265E+17,9.99588E+17
1,9.35608E+17,8.50003E+17
1,9.36953E+17,1.24244E+18
1,9.37753E+17,7.14813E+17
1,9.40169E+17,1.22221E+18
1,9.40169E+17,1.32625E+18
1,9.40836E+17,1.26211E+18
1,9.40836E+17,1.11096E+18
1,9.42184E+17,1.18708E+18
1,9.42184E+17,1.19171E+18
1,9.42184E+17,1.12678E+18
1,9.42184E+17,1.17178E+18
1,9.42184E+17,1.26322E+18
1,9.42184E+17,1.25108E+18
1,9.42842E+17,1.37268E+18
1,9.42842E+17,1.37941E+18
1,9.43124E+17,1.26622E+18
1,9.43124E+17,1.26317E+18
1,9.43544E+17,900265802
1,9.43544E+17,1.30408E+18
1,9.43544E+17,39815093
1,9.43544E+17,1.11016E+18
1,9.43544E+17,1.11846E+18
1,9.43544E+17,1.01536E+18
1,9.43544E+17,8.96952E+17
1,9.44279E+17,1.13998E+18
1,9.44279E+17,21593576
1,9.44279E+17,1.11846E+18
1,9.44279E+17,26274851
1,9.4448E+17,2795504851
1,9.44593E+17,3370477240
1,9.44593E+17,192446249
1,9.44593E+17,1.31679E+18
1,9.44593E+17,253806022
1,9.44593E+17,378625573
1,9.44593E+17,1.28776E+18
1,9.44593E+17,1.3657E+18
1,9.44593E+17,122258113
1,9.44593E+17,1.31111E+18
1,9.44593E+17,1.36237E+18
1,9.44593E+17,1.1844E+18
1,9.44593E+17,1.04243E+18
1,9.44593E+17,495570762
1,9.44593E+17,1.28245E+18
1,9.44593E+17,9.54837E+17
1,9.44593E+17,1.20364E+18
1,9.44593E+17,1.28713E+18
1,9.44593E+17,4528248976
1,9.44593E+17,7.80543E+17
1,9.44593E+17,508043072
1,9.44593E+17,9.26443E+17
1,9.44593E+17,1.35373E+18
1,9.44593E+17,1.35492E+18
1,9.44593E+17,9.82214E+17
1,9.44837E+17,9.04612E+17
1,9.44837E+17,47395300
1,9.44837E+17,9.25002E+17
1,9.44837E+17,2760035773
1,9.44837E+17,7.81189E+17
1,9.44837E+17,1.03259E+18
1,9.44837E+17,9.58442E+17
1,9.45397E+17,1.35521E+18
1,9.45397E+17,1.27809E+18
1,9.45397E+17,172983745
1,9.45397E+17,7.61528E+17
1,9.45397E+17,4777383375
1,9.45397E+17,339544187
1,9.45486E+17,1.22371E+18
1,9.45486E+17,8.1723E+17
1,9.45486E+17,538964597
1,9.45486E+17,260079722
1,9.45486E+17,1.34102E+18
1,9.45486E+17,9.71137E+17
1,9.45486E+17,1.23898E+18
1,9.45486E+17,2337724718
1,9.45486E+17,1.35783E+18
1,9.45486E+17,627476981
1,9.45486E+17,1.28969E+18
1,9.45486E+17,81836528
1,9.45486E+17,4528248976
1,9.45486E+17,58007666
1,9.45486E+17,1.28713E+18
1,9.45486E+17,9.54837E+17
1,9.45486E+17,1.1402E+18
1,9.45486E+17,7.14813E+17
1,9.45486E+17,1.08428E+18
1,9.45486E+17,9.51483E+17
1,9.45689E+17,20066079
1,9.45689E+17,15177772
1,9.46038E+17,1.2952E+18
1,9.4608E+17,755890603
1,9.46112E+17,9.40169E+17
1,9.46112E+17,279998036
1,9.46112E+17,1.09604E+18
1,9.46112E+17,391187727
1,9.46448E+17,1.20289E+18
1,9.46482E+17,214342143
1,9.46627E+17,1872117943
1,9.46627E+17,1.26611E+18
1,9.46627E+17,9.64652E+17
1,9.46627E+17,1.30824E+18
1,9.46627E+17,1.31315E+18
1,9.46846E+17,2664768119
1,9.46846E+17,1.17064E+18
1,9.46846E+17,1.30408E+18
1,9.46846E+17,1.30516E+18
1,9.47159E+17,2781202710
1,9.47159E+17,1.36349E+18
1,9.47159E+17,9.49146E+17
1,9.47159E+17,9.44514E+17
1,9.47437E+17,9.45689E+17
1,9.47437E+17,162502313
1,9.47465E+17,9.34806E+17
1,9.47532E+17,1.00612E+18
1,9.47532E+17,1.22471E+18
1,9.47532E+17,1398734786
1,9.47532E+17,8.53836E+17
1,9.47532E+17,497665213
1,9.48081E+17,1.03138E+18
1,9.48081E+17,9.25896E+17
1,9.48081E+17,123783243
1,9.48194E+17,1.29056E+18
1,9.48194E+17,1.21304E+18
1,9.48281E+17,1872117943
1,9.48285E+17,1.11129E+18
1,9.48285E+17,6.98614E+17
1,9.48524E+17,1.33066E+18
1,9.48524E+17,1.32338E+18
1,9.48933E+17,66697054
1,9.49012E+17,382466573
1,9.49012E+17,9.40169E+17
1,9.49012E+17,8.87231E+17
1,9.49012E+17,7.14813E+17
1,9.49012E+17,9.61038E+17
1,9.49012E+17,1068355627
1,9.49012E+17,1.05466E+18
1,9.49012E+17,8.50003E+17
1,9.4902E+17,1.13043E+18
1,9.49051E+17,1.35674E+18
1,9.49051E+17,9.99588E+17
1,9.49051E+17,9.35265E+17
1,9.49086E+17,1.33663E+18
1,9.49086E+17,18152452
1,9.49086E+17,1.30732E+18
1,9.49086E+17,1.35492E+18
1,9.49086E+17,1.13401E+18
1,9.49086E+17,1.10554E+18
1,9.49086E+17,406654240
1,9.49086E+17,1.36237E+18
1,9.49086E+17,1.3657E+18
1,9.49086E+17,1.28776E+18
1,9.49086E+17,1.34102E+18
1,9.49146E+17,9.47159E+17
1,9.49188E+17,8.56961E+17
1,9.49188E+17,581325683
1,9.49188E+17,9.13375E+17
1,9.49244E+17,8.49268E+17
1,9.50442E+17,1.31315E+18
1,9.50442E+17,1.15769E+18
1,9.50442E+17,9.61038E+17
1,9.50442E+17,2668541539
1,9.50495E+17,3096963855
1,9.50495E+17,8.49268E+17
1,9.50495E+17,978776468
1,9.50495E+17,1.27877E+18
1,9.50495E+17,1.24244E+18
1,9.51376E+17,1.01622E+18
1,9.51376E+17,1.20774E+18
1,9.51376E+17,9.99181E+17
1,9.51376E+17,1431474084
1,9.51483E+17,9.95698E+17
1,9.51877E+17,1271355828
1,9.51877E+17,1.346E+18
1,9.51877E+17,448589470
1,9.51877E+17,1.37578E+18
1,9.51877E+17,171415738
1,9.51877E+17,43301547
1,9.52558E+17,1.26575E+18
1,9.52558E+17,1.22221E+18
1,9.52595E+17,2227519243
1,9.52595E+17,391187727
1,9.52595E+17,1.03005E+18
1,9.52595E+17,1.1866E+18
1,9.52595E+17,3307318595
1,9.54837E+17,192446249
1,9.54837E+17,1.06135E+18
1,9.54837E+17,9.42184E+17
1,9.54837E+17,1.28776E+18
1,9.54837E+17,1.1222E+18
1,9.54837E+17,855952662
1,9.54837E+17,1314952094
1,9.54837E+17,1.26648E+18
1,9.54837E+17,1.35492E+18
1,9.54837E+17,9.44593E+17
1,9.54837E+17,9.26443E+17
1,9.54837E+17,7.80543E+17
1,9.54837E+17,9.37753E+17
1,9.54837E+17,1.28713E+18
1,9.55295E+17,8.72973E+17
1,9.58442E+17,164998268
1,9592092,215098522
1,9592092,1.36897E+18
1,9592092,1.35469E+18
1,9.59437E+17,9.49188E+17
1,9.59608E+17,3023360911
1,9.59608E+17,1402485997
1,9.59608E+17,469314544
1,9.59608E+17,116430721
1,9.59608E+17,23018690
1,9.59608E+17,1567700198
1,9.59608E+17,4239143413
1,9.59608E+17,1068355627
1,9.59608E+17,1.08342E+18
1,9.59608E+17,9.17505E+17
1,9.59608E+17,9.88509E+17
1,9.59608E+17,2922112649
1,9.59608E+17,2337724718
1,9.59608E+17,9.26443E+17
1,9.59608E+17,242151754
1,9.59608E+17,170516130
1,9.59608E+17,9.37753E+17
1,9.61038E+17,9.49231E+17
1,9.61038E+17,9.50442E+17
1,9.61038E+17,1.03596E+18
1,9.61038E+17,1.36929E+18
1,9.61038E+17,9.49012E+17
1,9.6145E+17,229493956
1,9.6145E+17,1.37172E+18
1,9.6145E+17,2191010738
1,9.6145E+17,1.21408E+18
1,9.6145E+17,9.95698E+17
1,9.62035E+17,1.32625E+18
1,9.63254E+17,1.12839E+18
1,9.63254E+17,339544187
1,9.63254E+17,64734256
1,9.63254E+17,1.26317E+18
1,9.63254E+17,19640334
1,9.63254E+17,1.26266E+18
1,9.63674E+17,2328755451
1,9.63674E+17,1.03542E+18
1,9.63674E+17,1.35497E+18
1,9.63674E+17,1.18633E+18
1,9.63674E+17,1.03005E+18
1,9.63674E+17,2781202710
1,9.64516E+17,1.1844E+18
1,9.64516E+17,44535512
1,9.64652E+17,9.08691E+17
1,9.64652E+17,1.33663E+18
1,9.64652E+17,538964597
1,9.64652E+17,378625573
1,9.64652E+17,1.3657E+18
1,9.64652E+17,1.1844E+18
1,9.64652E+17,9.46627E+17
1,9.64652E+17,2539632308
1,9.64652E+17,9.26443E+17
1,9.652E+17,1.32646E+18
1,9.652E+17,2285457534
1,9.65454E+17,8.07258E+17
1,9.65865E+17,8.98477E+17
1,9.65865E+17,9.99469E+17
1,9.65865E+17,1.20779E+18
1,9.65865E+17,1.37941E+18
1,9.67143E+17,9.39307E+17
1,9.67143E+17,1.05487E+18
1,9.67143E+17,1.00218E+18
1,9.69079E+17,2664768119
1,9.69079E+17,1.17064E+18
1,9.69079E+17,1.3147E+18
1,9.69079E+17,9.99181E+17
1,9.69079E+17,1291076396
1,9.69079E+17,9.34871E+17
1,9.69616E+17,1.07936E+18
1,9.69616E+17,1.14153E+18
1,9.69616E+17,3299803690
1,9.71137E+17,9.45486E+17
1,9.71653E+17,1.3315E+18
1,9.71653E+17,1.27426E+18
1,9.71653E+17,1.15396E+18
1,9.71653E+17,1.19766E+18
1,9.71653E+17,187294348
1,9.71653E+17,1.01936E+18
1,9.71729E+17,14348298
1,9.71729E+17,1.27301E+18
1,9.73588E+17,1.11129E+18
1,9.73588E+17,9.48285E+17
1,9.73588E+17,1.25623E+18
1,9.73588E+17,468022281
1,9.73588E+17,91473252
1,9.73588E+17,1.24213E+18
1,9.73588E+17,548342907
1,9.73748E+17,4277450819
1,9.75968E+17,1.20339E+18
1,9.77847E+17,1.2403E+18
1,9.78128E+17,1.32625E+18
1,9.78128E+17,2873955731
1,9.78128E+17,9.30238E+17
1,9.78128E+17,1.22452E+18
1,9.78128E+17,1.20278E+18
1,9.78167E+17,8.70306E+17
1,9.78242E+17,1.35674E+18
1,9.78242E+17,9.49051E+17
1,9.78242E+17,9.99588E+17
1,9.78242E+17,9.35265E+17
1,9.78242E+17,9.64652E+17
1,9.7898E+17,21259280
1,9.7898E+17,22708353
1,9.7898E+17,1.32948E+18
1,9.79251E+17,1151355734
1,9.79732E+17,269149617
1,9.80096E+17,243135827
1,9.8126E+17,1.34768E+18
1,9.8126E+17,1.15627E+18
1,9.8126E+17,1.21866E+18
1,9.82214E+17,1.20376E+18
1,9.82214E+17,9.44593E+17
1,9.86306E+17,270698032
1,9.86956E+17,1.21948E+18
1,9.87098E+17,7.82976E+17
1,9.88509E+17,8.22486E+17
1,9.88993E+17,1.34351E+18
1,9.91238E+17,1.1417E+18
1,9.92498E+17,1.0046E+18
1,9.92535E+17,1.35274E+18
1,9.92535E+17,1.00931E+18
1,9.93041E+17,1.27243E+18
1,9.93045E+17,1.35302E+18
1,9.93045E+17,8.07258E+17
1,9.93045E+17,1.36969E+18
1,9.94443E+17,73999352
1,9.94787E+17,35157947
1,9.97327E+17,1.06164E+18
1,9.97596E+17,64734256
1,9.98985E+17,1.30255E+18
1,9.98985E+17,1271355828
1,9.98985E+17,1.30258E+18
1,9.98985E+17,1.37745E+18
1,9.98985E+17,1.32978E+18
1,9.98985E+17,406467105
1,9.99469E+17,9.65865E+17
